glomerulus,neurons
D,"720575941415657873,720575941430764536,720575941431339768,720575941439303743,720575941439777759,720575941439824402,720575941441694555,720575941454221127,720575941454707625,720575941455375411,720575941463514768,720575941467994198,720575941472725771,720575941474918442,720575941477262388,720575941478599454,720575941483447994,720575941484789178,720575941486511682,720575941486555533,720575941487548301,720575941490721333,720575941492598476,720575941496262855,720575941496973952,720575941499913953,720575941504989015,720575941508216866,720575941509200990,720575941517612378,720575941519202732,720575941523018487,720575941525516619,720575941527668482,720575941528270338,720575941533107685,720575941535022570,720575941535481793,720575941536605160,720575941537352970,720575941537986275,720575941538867683,720575941539183331,720575941539808205,720575941540123740,720575941550691361,720575941555414273,720575941560622195,720575941561384493,720575941562877229,720575941564149416,720575941566876055,720575941568458286,720575941574291195,720575941579108953,720575941584738399,720575941585819999,720575941590023492,720575941591148343,720575941596694823,720575941597223025,720575941597601669,720575941599261340,720575941603666617,720575941606127550,720575941607529325,720575941610893386,720575941611690086,720575941612271946,720575941613506989,720575941613704156,720575941627518828,720575941628446521,720575941640456309,720575941643655525,720575941653756145,720575941654891481,720575941658561048,720575941658668056,720575941671349671,720575941681950909,720575941690901723"
DA1,"720575941394900886,720575941408796975,720575941411131819,720575941415657873,720575941416666396,720575941418143004,720575941431353775,720575941432492247,720575941436567694,720575941439824402,720575941440284245,720575941441694555,720575941442706267,720575941443325391,720575941451959118,720575941452718407,720575941454221127,720575941456827117,720575941463900429,720575941467776278,720575941471099613,720575941472725771,720575941474918442,720575941475410740,720575941477223217,720575941477262388,720575941477838401,720575941477854785,720575941478599454,720575941479047648,720575941481225039,720575941482015174,720575941482051235,720575941483070662,720575941483447994,720575941483458490,720575941484789178,720575941491218608,720575941492598476,720575941496973952,720575941496984448,720575941499671675,720575941499912866,720575941499913953,720575941502600843,720575941504989015,720575941507047703,720575941508213794,720575941515922179,720575941516860563,720575941516906330,720575941517208666,720575941519202732,720575941522006711,720575941522648823,720575941523018487,720575941525516619,720575941527014500,720575941528270338,720575941529585592,720575941529760952,720575941530400644,720575941530459851,720575941530828728,720575941535620018,720575941536776938,720575941537753320,720575941537986275,720575941539183331,720575941539323541,720575941539808205,720575941540123740,720575941542904861,720575941543064861,720575941543514716,720575941546119429,720575941546196997,720575941549554721,720575941550987892,720575941551516020,720575941551975679,720575941553728410,720575941553735815,720575941555414273,720575941555642707,720575941557433060,720575941557812004,720575941565483062,720575941566668898,720575941566866071,720575941568458286,720575941569471278,720575941575688200,720575941576163849,720575941577599592,720575941579758417,720575941585819999,720575941590023492,720575941590497860,720575941591148343,720575941592972840,720575941595887143,720575941595987158,720575941596234865,720575941596694823,720575941597223025,720575941599261340,720575941600109504,720575941606127550,720575941607845741,720575941611690086,720575941612271946,720575941613506989,720575941614581779,720575941615484947,720575941624345084,720575941626338954,720575941626738745,720575941627278137,720575941628446521,720575941633106885,720575941639495285,720575941652750321,720575941652847345,720575941653756145,720575941657072208,720575941658668056,720575941667080947,720575941670030257,720575941671077809,720575941688323340,720575941689084172,720575941690728667"
DA2,"720575941352877616,720575941392716694,720575941393745302,720575941394900886,720575941407703214,720575941432405423,720575941439303743,720575941439824402,720575941440284245,720575941453022279,720575941454221127,720575941460776388,720575941461326547,720575941469006557,720575941472725771,720575941474567978,720575941474918442,720575941477358878,720575941478599454,720575941480860323,720575941482051235,720575941482111139,720575941483539654,720575941487548301,720575941490721333,720575941492598476,720575941496984704,720575941500279369,720575941504989015,720575941509893505,720575941512609091,720575941513091404,720575941516418883,720575941519202732,720575941519327086,720575941525516619,720575941526838884,720575941529898168,720575941532541387,720575941535075250,720575941535087704,720575941535481793,720575941535689242,720575941536603368,720575941536605160,720575941537538280,720575941537753320,720575941537986275,720575941539808205,720575941543230237,720575941550691361,720575941555414273,720575941557204196,720575941557566884,720575941558475428,720575941560622195,720575941561384493,720575941562877229,720575941563169170,720575941563347112,720575941565405026,720575941566876055,720575941567392302,720575941568333102,720575941569633530,720575941570144244,720575941575529359,720575941584738399,720575941585819999,720575941586873478,720575941590023492,720575941591148343,720575941595498277,720575941596694823,720575941597223025,720575941599261340,720575941599987648,720575941604964030,720575941606127550,720575941607529325,720575941607888237,720575941608642413,720575941610100554,720575941613506989,720575941613704156,720575941628446521,720575941633338528,720575941653756145,720575941660512336,720575941671349671,720575941688323340,720575941692228248"
DA3,"720575941439824402,720575941455088691,720575941470432887,720575941472725771,720575941474918442,720575941478599454,720575941480337376,720575941492598476,720575941493553584,720575941501178786,720575941504989015,720575941505459394,720575941519202732,720575941533275365,720575941550226804,720575941551975679,720575941555700307,720575941560131310,720575941561384493,720575941562877229,720575941565141858,720575941565356130,720575941566876055,720575941585819999,720575941591148343,720575941591716094,720575941596694823,720575941597223025,720575941599987648,720575941606127550,720575941611536617,720575941620273023,720575941624151690,720575941639495285,720575941641538079,720575941653756145,720575941688195567,720575941688909174,720575941704102618"
DA4l,"720575941393745302,720575941394900886,720575941432596183,720575941436255374,720575941439505749,720575941478662250,720575941483447994,720575941507047703,720575941516860563,720575941519202732,720575941519327086,720575941528270338,720575941535022570,720575941535620018,720575941547512500,720575941562877229,720575941564149416,720575941567129134,720575941590023492,720575941591148343,720575941596694823,720575941597223025,720575941599261340,720575941606127550,720575941613506989,720575941628446521,720575941643449426,720575941653756145,720575941688848396,720575941689426927"
DA4m,"720575941393745302,720575941394900886,720575941412477355,720575941413768815,720575941427599956,720575941431339768,720575941433344398,720575941436255374,720575941437644076,720575941437775148,720575941438348562,720575941438563039,720575941439824402,720575941440284245,720575941441370815,720575941449243668,720575941452718407,720575941454221127,720575941459513796,720575941460776388,720575941461094084,720575941463514768,720575941466884374,720575941469006557,720575941472725771,720575941474918442,720575941477870913,720575941478030560,720575941478199776,720575941478599454,720575941478662250,720575941480062659,720575941482051235,720575941482111139,720575941488953033,720575941490721333,720575941492467150,720575941492598476,720575941495971712,720575941496984448,720575941498871777,720575941504978775,720575941504989015,720575941505071959,720575941513159377,720575941515011907,720575941516791139,720575941519202732,720575941522006711,720575941526838884,720575941527244569,720575941527668482,720575941530544331,720575941531370187,720575941532690149,720575941532938674,720575941533599205,720575941535087704,720575941536605160,720575941537753320,720575941539808205,720575941540376981,720575941543514716,720575941550691361,720575941551975679,720575941554107419,720575941555414273,720575941555729747,720575941558475428,720575941561333230,720575941561384493,720575941562877229,720575941563501736,720575941563509928,720575941564149416,720575941565153031,720575941566796647,720575941566876055,720575941567720750,720575941570144244,720575941571930107,720575941578469201,720575941585819999,720575941588916036,720575941590023492,720575941591148343,720575941592022312,720575941596694823,720575941596879729,720575941598545449,720575941599261340,720575941603666617,720575941604964030,720575941605179838,720575941606127550,720575941612274150,720575941612680924,720575941613506989,720575941613704156,720575941617868671,720575941620239743,720575941624151690,720575941630062818,720575941631032034,720575941634138309,720575941634159803,720575941639495285,720575941643413093,720575941653756145,720575941654891481,720575941658668056,720575941662510648,720575941687758092,720575941688323340,720575941688909174,720575941692228248,720575941704102618,720575941732786219"
DC1,"720575941412138095,720575941412477355,720575941430764536,720575941431339768,720575941439303743,720575941439824402,720575941445138090,720575941449130933,720575941450665397,720575941454221127,720575941454722985,720575941458978207,720575941460254704,720575941460316831,720575941461945796,720575941463514768,720575941472725771,720575941474918442,720575941478599454,720575941482111139,720575941492467150,720575941492598476,720575941492973287,720575941496262855,720575941496973952,720575941499503522,720575941504978775,720575941509200990,720575941509434146,720575941510824208,720575941515922179,720575941519075438,720575941519202732,720575941522754995,720575941523018487,720575941528270338,720575941534989656,720575941535022570,720575941535023794,720575941535087704,720575941536109578,720575941536352856,720575941536605160,720575941536732954,720575941537255946,720575941537352970,720575941537380289,720575941537753320,720575941537986275,720575941539183331,720575941540589693,720575941543514716,720575941549519905,720575941550691361,720575941550705441,720575941553735815,720575941553952647,720575941555700307,720575941555750483,720575941558363684,720575941559606564,720575941560578163,720575941560591917,720575941562877229,720575941563465640,720575941565405026,720575941568333102,720575941568458286,720575941569509678,720575941570144244,720575941572867081,720575941572886856,720575941574970013,720575941577667161,720575941579108953,720575941580709201,720575941585819999,720575941586776798,720575941590010180,720575941590023492,720575941591148343,720575941592943656,720575941596694823,720575941597223025,720575941597601669,720575941599261340,720575941603666617,720575941606127550,720575941611690086,720575941612205926,720575941612518502,720575941613506989,720575941613704156,720575941618610133,720575941624345084,720575941625978011,720575941627518828,720575941628446521,720575941643413093,720575941645242744,720575941653756145,720575941654891481,720575941658128408,720575941658561048,720575941658668056,720575941658864920,720575941671312305,720575941671349671,720575941671635623,720575941689084172,720575941691093656,720575941692228248,720575941722622778,720575941723350074"
DC2,"720575941411131819,720575941412138095,720575941431339768,720575941439824402,720575941440284245,720575941443325391,720575941450242653,720575941454221127,720575941463514768,720575941472725771,720575941474567978,720575941474918442,720575941477294878,720575941477734506,720575941478599454,720575941481225039,720575941482111139,720575941487548301,720575941495925886,720575941496262855,720575941496984448,720575941496984704,720575941499988642,720575941504978775,720575941506262844,720575941508695646,720575941509434146,720575941513999569,720575941515922179,720575941519075438,720575941519202732,720575941520998327,720575941523018487,720575941536461338,720575941536605160,720575941537380289,720575941537753320,720575941537986275,720575941541334141,720575941550987892,720575941555700307,720575941557120769,720575941560171279,720575941568458286,720575941569643634,720575941577667161,720575941579108953,720575941585819999,720575941586869382,720575941587487198,720575941590023492,720575941591148343,720575941596694823,720575941597223025,720575941603666617,720575941606127550,720575941613506989,720575941628446521,720575941639495285,720575941643413093,720575941644529569,720575941645242744,720575941645294200,720575941653322517,720575941653756145,720575941654140121,720575941654891481,720575941658668056"
DC3,"720575941352877616,720575941393745302,720575941394900886,720575941413768815,720575941439824402,720575941450717006,720575941454221127,720575941460927172,720575941467712278,720575941472725771,720575941474918442,720575941477262388,720575941477294878,720575941478599454,720575941482244547,720575941483447994,720575941490721333,720575941492598476,720575941496262855,720575941505071959,720575941507036485,720575941509200990,720575941514608849,720575941515922179,720575941519202732,720575941519327086,720575941521581491,720575941523018487,720575941525516619,720575941533275365,720575941533599205,720575941536605160,720575941536776938,720575941537986275,720575941539183331,720575941539808205,720575941540197212,720575941543230237,720575941543514716,720575941547367604,720575941550226804,720575941550691361,720575941551129343,720575941553728410,720575941555700307,720575941561384493,720575941562877229,720575941565405026,720575941565483062,720575941566876055,720575941567720750,720575941568333102,720575941569643634,720575941576743528,720575941580656465,720575941585819999,720575941588916036,720575941591148343,720575941596694823,720575941597223025,720575941599261340,720575941603666617,720575941606127550,720575941613506989,720575941613704156,720575941620273023,720575941628446521,720575941639495285,720575941641538079,720575941645294200,720575941653322517,720575941653756145,720575941659305752,720575941671349671,720575941691218072,720575941692228248"
DC4,"720575941391873540,720575941392924676,720575941411131819,720575941418143004,720575941427599956,720575941431339768,720575941434619534,720575941439824402,720575941440284245,720575941441295311,720575941442594907,720575941445101738,720575941452718407,720575941452923975,720575941454221127,720575941457951725,720575941459513796,720575941460776388,720575941463514768,720575941468869853,720575941472725771,720575941472995168,720575941474567978,720575941474918442,720575941475472443,720575941477197418,720575941478599454,720575941482223299,720575941485863746,720575941490473269,720575941492490700,720575941492598476,720575941493296615,720575941496262855,720575941496984704,720575941501178786,720575941504978775,720575941504989015,720575941508655058,720575941509200990,720575941513159377,720575941513788881,720575941515922179,720575941519202732,720575941519327086,720575941520798899,720575941522006711,720575941523018487,720575941524477515,720575941526775140,720575941526859010,720575941526943746,720575941534394858,720575941535022570,720575941535087704,720575941536605160,720575941537753320,720575941537986275,720575941539794125,720575941544228101,720575941544269317,720575941549963892,720575941551975679,720575941552796990,720575941553728410,720575941555414273,720575941557145939,720575941562586280,720575941563501736,720575941564659712,720575941565405026,720575941566876055,720575941567736423,720575941568333102,720575941568417582,720575941568458286,720575941570144244,720575941570717178,720575941572439709,720575941572867081,720575941574993929,720575941576516456,720575941585819999,720575941586869382,720575941591148343,720575941592004392,720575941592685196,720575941594595621,720575941596694823,720575941597223025,720575941597601669,720575941598545449,720575941599261340,720575941599693724,720575941599987648,720575941603666617,720575941604964030,720575941606127550,720575941608631405,720575941611690086,720575941612499676,720575941613506989,720575941613704156,720575941614581779,720575941615414169,720575941625680778,720575941626183323,720575941638723189,720575941639495285,720575941653756145,720575941654477017,720575941654891481,720575941656329945,720575941658668056,720575941660512336,720575941663897912,720575941669235121,720575941671349671,720575941671635623,720575941678615229,720575941689084172,720575941692228248,720575941731656747"
DL1,"720575941352877616,720575941412477355,720575941438563039,720575941440284245,720575941440546645,720575941450242653,720575941450297693,720575941450502222,720575941472725771,720575941474378080,720575941474567978,720575941474918442,720575941478599454,720575941481505987,720575941483422906,720575941488799689,720575941496984704,720575941498906593,720575941500288225,720575941504552898,720575941507047703,720575941508246341,720575941515922179,720575941516095322,720575941516449964,720575941516860563,720575941520689075,720575941532938674,720575941538867683,720575941550691361,720575941552203775,720575941561749805,720575941561755181,720575941563465640,720575941565405026,720575941570144244,720575941575542792,720575941575557883,720575941577599592,720575941579108953,720575941581303929,720575941584082654,720575941584783326,720575941585819999,720575941589888055,720575941590023492,720575941591148343,720575941596694823,720575941603036601,720575941603666617,720575941613506989,720575941613704156,720575941628446521,720575941630062818,720575941639495285,720575941643279816,720575941643655525,720575941658668056,720575941669337075,720575941671847847,720575941681330365,720575941688313307,720575941688323340"
DL2d,"720575941352877616,720575941354378032,720575941394900886,720575941402007331,720575941402014243,720575941409539375,720575941412477355,720575941431303160,720575941433344398,720575941436567694,720575941438563039,720575941439824402,720575941440284245,720575941442159567,720575941442764458,720575941444074410,720575941447738900,720575941450058677,720575941452862535,720575941454221127,720575941454335539,720575941460776388,720575941461798596,720575941462758611,720575941467113238,720575941472725771,720575941474918442,720575941478317617,720575941478599454,720575941481225039,720575941487548301,720575941492598476,720575941492829104,720575941495508352,720575941496973952,720575941498906593,720575941502600898,720575941503628887,720575941507047703,720575941513876433,720575941515922179,720575941516860563,720575941517044590,720575941518150291,720575941519202732,720575941519327086,720575941520694638,720575941522006711,720575941522669747,720575941523018487,720575941525248075,720575941526886500,720575941527220505,720575941527934820,720575941530001893,720575941532427237,720575941532938674,720575941534946136,720575941535087704,720575941536605160,720575941537638888,720575941537753320,720575941537754600,720575941537896474,720575941537986275,720575941539183331,720575941539370133,720575941543514716,720575941547487924,720575941547642812,720575941550691361,720575941550987892,720575941551860735,720575941555160833,720575941555414273,720575941560341107,720575941563465640,720575941564200082,720575941565391202,720575941565405026,720575941567385191,720575941567736423,720575941568458286,720575941569688826,720575941570124532,720575941570144244,720575941574789640,720575941580656465,720575941581303929,720575941584783326,720575941585418335,720575941585819999,720575941586192774,720575941587764702,720575941588916036,720575941590023492,720575941591102519,720575941591148343,720575941596694823,720575941597223025,720575941597667973,720575941599261340,720575941603666617,720575941604034750,720575941606127550,720575941610682470,720575941611690086,720575941613241062,720575941613283174,720575941613506989,720575941613704156,720575941614581779,720575941615180953,720575941619317375,720575941623580524,720575941624345084,720575941625723803,720575941628446521,720575941632179436,720575941653756145,720575941653977817,720575941654891481,720575941658668056,720575941664888956,720575941670700711,720575941671349671,720575941687329263,720575941688323340,720575941688894326,720575941690599832,720575941690728667,720575941691218072,720575941692228248"
DL2v,"720575941352877616,720575941394900886,720575941400930851,720575941402014243,720575941408796975,720575941409539375,720575941411131819,720575941412477355,720575941430629513,720575941431339768,720575941433344398,720575941436567694,720575941438563039,720575941439824402,720575941440284245,720575941440481503,720575941441460927,720575941441744219,720575941443325391,720575941445101738,720575941448841397,720575941452862535,720575941454221127,720575941454335539,720575941460776388,720575941462758611,720575941463514768,720575941467113238,720575941471402763,720575941472725771,720575941474918442,720575941478599454,720575941481225039,720575941481903245,720575941482111139,720575941485815949,720575941487548301,720575941492598476,720575941492829104,720575941492973287,720575941494528640,720575941495034750,720575941496262855,720575941496973952,720575941498906593,720575941498916577,720575941503628887,720575941504989015,720575941505298519,720575941508447070,720575941509418078,720575941509434146,720575941515802467,720575941515922179,720575941519202732,720575941519327086,720575941522669747,720575941523018487,720575941524477515,720575941526615810,720575941526886500,720575941527220505,720575941527668482,720575941532836483,720575941532938674,720575941536605160,720575941537638888,720575941537753320,720575941538276757,720575941538867683,720575941539183331,720575941539370133,720575941542904861,720575941547367092,720575941547487924,720575941550987892,720575941551129343,720575941551416692,720575941551860735,720575941551924798,720575941551975679,720575941553728410,720575941555160833,720575941555414273,720575941559399695,720575941560341107,720575941561333230,720575941561384493,720575941565391202,720575941565405026,720575941568333102,720575941570124532,720575941570144244,720575941574291195,720575941574789640,720575941574825480,720575941577665896,720575941581303929,720575941581752441,720575941585418335,720575941585819999,720575941586192774,720575941586776798,720575941586869382,720575941588916036,720575941590023492,720575941591148343,720575941594799979,720575941595149425,720575941596196054,720575941596694823,720575941599261340,720575941606127550,720575941610682470,720575941611690086,720575941613506989,720575941613681884,720575941613704156,720575941616730837,720575941623580524,720575941624345084,720575941624424700,720575941628446521,720575941629900326,720575941630062818,720575941639495285,720575941643655525,720575941643922337,720575941653226773,720575941653756145,720575941653778705,720575941654891481,720575941658668056,720575941671349671,720575941687329263,720575941688323340,720575941688894326,720575941692420571,720575941692424667"
DL3,"720575941411131819,720575941416666396,720575941439824402,720575941454221127,720575941477854785,720575941478599454,720575941483447994,720575941483458490,720575941485672656,720575941492598476,720575941496973952,720575941508213794,720575941525516619,720575941529760952,720575941530828728,720575941533275365,720575941550226804,720575941550691361,720575941551516020,720575941557145939,720575941557812004,720575941575688200,720575941589429303,720575941596234865,720575941596694823,720575941611690086,720575941620273023,720575941639495285,720575941641538079,720575941652750321,720575941653756145,720575941658852632,720575941689426927"
DL4,"720575941394900886,720575941478599454,720575941483447994,720575941492467150,720575941499811195,720575941507047703,720575941508213794,720575941510735376,720575941513091404,720575941516418883,720575941516860563,720575941535378666,720575941538867683,720575941539402901,720575941539808205,720575941550987892,720575941585819999,720575941589429303,720575941599261340,720575941611510761,720575941613506989,720575941628446521,720575941633106885,720575941639495285,720575941643655525,720575941658852632"
DL5,"720575941352877616,720575941412477355,720575941431339768,720575941433344398,720575941439824402,720575941440284245,720575941450242653,720575941450502222,720575941454221127,720575941460776388,720575941463514768,720575941472725771,720575941472995168,720575941474918442,720575941477854785,720575941478581300,720575941478599454,720575941482051235,720575941482111139,720575941487548301,720575941506408613,720575941509434146,720575941515011907,720575941515109219,720575941515922179,720575941516361721,720575941516418883,720575941519202732,720575941519327086,720575941520998327,720575941522006711,720575941523018487,720575941525516619,720575941527668482,720575941532938674,720575941535653810,720575941536744474,720575941537753320,720575941539323541,720575941542904861,720575941543514716,720575941544357405,720575941550705441,720575941553735815,720575941555160833,720575941555414273,720575941561384493,720575941564200082,720575941564433298,720575941565405026,720575941566668898,720575941566876055,720575941567736423,720575941569631994,720575941569643634,720575941570144244,720575941574107643,720575941574384123,720575941576380815,720575941585819999,720575941586776798,720575941588916036,720575941590023492,720575941591148343,720575941591618188,720575941596051333,720575941599261340,720575941606127550,720575941606200510,720575941613506989,720575941613704156,720575941614581779,720575941621434239,720575941626179978,720575941643413093,720575941653756145,720575941654891481,720575941658668056,720575941688323340"
DM1,"720575941394900886,720575941408399663,720575941410062895,720575941410065199,720575941410449067,720575941411131819,720575941412477355,720575941413632404,720575941418143004,720575941430466223,720575941430586543,720575941431339768,720575941432035031,720575941432132961,720575941432246286,720575941432490159,720575941436567694,720575941437251858,720575941438746175,720575941439824402,720575941440284245,720575941442558399,720575941443386319,720575941449902517,720575941450242653,720575941451891322,720575941454221127,720575941456844269,720575941461001924,720575941461945796,720575941463078413,720575941463514768,720575941465067277,720575941472725771,720575941473435277,720575941474918442,720575941476073258,720575941478435377,720575941478473066,720575941478599454,720575941481225039,720575941481255136,720575941482935994,720575941483094269,720575941487239376,720575941487548301,720575941487790733,720575941487868166,720575941490513868,720575941494707691,720575941496973952,720575941496984704,720575941503927858,720575941504978775,720575941505769125,720575941507669889,720575941509895184,720575941511872528,720575941515922179,720575941516869210,720575941517042275,720575941519202732,720575941519494254,720575941520135852,720575941520998327,720575941522006711,720575941522214391,720575941522243831,720575941523018487,720575941525516619,720575941526205517,720575941527668482,720575941528042265,720575941528270338,720575941534127704,720575941534896306,720575941535022570,720575941535295242,720575941535620018,720575941535686938,720575941536352856,720575941536605160,720575941537753320,720575941537847523,720575941537986275,720575941540370069,720575941541845852,720575941542904861,720575941543009053,720575941543514716,720575941547367092,720575941550691361,720575941553728410,720575941553735815,720575941554922119,720575941555414273,720575941555721444,720575941556450468,720575941556721636,720575941556996388,720575941560102671,720575941565467282,720575941566556423,720575941568201518,720575941568458286,720575941568903026,720575941569643634,720575941570144244,720575941570739444,720575941572933627,720575941573648136,720575941574789640,720575941575199995,720575941576743528,720575941585493726,720575941585819999,720575941586776798,720575941591148343,720575941592598379,720575941592898667,720575941592943656,720575941595884421,720575941596694823,720575941597223025,720575941598257564,720575941599261340,720575941599987648,720575941602924985,720575941603666617,720575941604964030,720575941606127550,720575941609068141,720575941611690086,720575941612699366,720575941613506989,720575941613704156,720575941614581779,720575941617664725,720575941624345084,720575941625283018,720575941628446521,720575941628831782,720575941630492130,720575941633855931,720575941653756145,720575941654891481,720575941658668056,720575941659300944,720575941671349671,720575941690491544,720575941704123866,720575941722622778,720575941723350074,720575941734311723"
DM2,"720575941352877616,720575941394900886,720575941413627796,720575941416294940,720575941431339768,720575941432132961,720575941436567694,720575941439824402,720575941454221127,720575941463765517,720575941466904342,720575941472725771,720575941474918442,720575941478599454,720575941479470816,720575941481225039,720575941482223299,720575941483857661,720575941487548301,720575941492598476,720575941494494384,720575941496262855,720575941497828475,720575941498654587,720575941504978775,720575941513768145,720575941514284099,720575941519202732,720575941523018487,720575941526206466,720575941528147878,720575941536776938,720575941537986275,720575941539183331,720575941540589693,720575941542904861,720575941546221573,720575941546397108,720575941548686260,720575941550537277,720575941550691361,720575941557120769,720575941558608676,720575941560341107,720575941565790562,720575941568333102,720575941568458286,720575941570463988,720575941570740980,720575941575193526,720575941575688200,720575941576050077,720575941577598568,720575941579948277,720575941585819999,720575941585881951,720575941587262342,720575941590023492,720575941591148343,720575941595240229,720575941596694823,720575941597223025,720575941606127550,720575941608631405,720575941611690086,720575941613384294,720575941613506989,720575941613704156,720575941620477055,720575941624345084,720575941625906843,720575941626183323,720575941626223212,720575941628446521,720575941633176773,720575941639453557,720575941645036152,720575941653756145,720575941668082675,720575941671173041,720575941671349671,720575941687329263,720575941687656972,720575941688186230,720575941692228248,720575941734311723"
DM3,"720575941436567694,720575941439824402,720575941450242653,720575941452718407,720575941454221127,720575941474918442,720575941476572977,720575941478599454,720575941482051235,720575941523018487,720575941557145939,720575941568333102,720575941579108953,720575941585819999,720575941586192774,720575941591148343,720575941599261340,720575941611690086,720575941639495285,720575941653756145"
DM4,"720575941352877616,720575941394900886,720575941407703214,720575941411131819,720575941412477355,720575941418143004,720575941431339768,720575941432238606,720575941433344398,720575941433569038,720575941436567694,720575941439824402,720575941443325391,720575941445101738,720575941450242653,720575941452715689,720575941452923975,720575941454221127,720575941458370541,720575941463514768,720575941466224406,720575941471697419,720575941472725771,720575941474918442,720575941477854785,720575941478599454,720575941480774339,720575941480992451,720575941481225039,720575941482223299,720575941485612941,720575941490473269,720575941492973287,720575941496984448,720575941497422279,720575941501178786,720575941504989015,720575941507047703,720575941507871105,720575941516860563,720575941519075438,720575941519202732,720575941520363959,720575941520998327,720575941521374903,720575941523018487,720575941525516619,720575941526975844,720575941528270338,720575941529060006,720575941530437579,720575941530544331,720575941535087704,720575941536605160,720575941537753320,720575941537986275,720575941539370133,720575941540589693,720575941542904861,720575941551975679,720575941553728410,720575941553905409,720575941555414273,720575941557204196,720575941563533714,720575941563634432,720575941566472551,720575941568458286,720575941569643634,720575941570144244,720575941571343808,720575941572582814,720575941574789640,720575941574825480,720575941575688200,720575941585819999,720575941586776798,720575941586869382,720575941588916036,720575941591148343,720575941592943656,720575941594448235,720575941594779685,720575941595449125,720575941596694823,720575941597223025,720575941598627776,720575941599261340,720575941604964030,720575941606127550,720575941606200510,720575941608631405,720575941611690086,720575941613506989,720575941614215443,720575941614581779,720575941617664725,720575941624971914,720575941627560300,720575941628446521,720575941630444002,720575941632935355,720575941633176773,720575941646409080,720575941653217813,720575941653756145,720575941658668056,720575941660512336,720575941687329263,720575941687773302,720575941688323340,720575941688446476,720575941689970584"
DM5,"720575941394900886,720575941411763055,720575941431339768,720575941432092513,720575941432132961,720575941432484567,720575941433344398,720575941436567694,720575941439824402,720575941440284245,720575941440408287,720575941452715689,720575941459316383,720575941463514768,720575941472725771,720575941474918442,720575941475472443,720575941478599454,720575941481225039,720575941482223299,720575941487548301,720575941492598476,720575941496262855,720575941505426626,720575941508480094,720575941509200990,720575941519075438,720575941519202732,720575941519327086,720575941523396939,720575941528147878,720575941535087704,720575941536352856,720575941536776938,720575941537986275,720575941539183331,720575941540412797,720575941540589693,720575941543514716,720575941546221573,720575941550691361,720575941551975679,720575941553728410,720575941555414273,720575941574291195,720575941574825480,720575941575688200,720575941588916036,720575941591148343,720575941591618444,720575941595449125,720575941596694823,720575941597223025,720575941604964030,720575941606127550,720575941608631405,720575941613312941,720575941613506989,720575941626183323,720575941627422363,720575941633176773,720575941653756145,720575941655059217,720575941671349671,720575941692228248,720575941734311723"
DM6,"720575941393745302,720575941394900886,720575941411131819,720575941412477355,720575941436255374,720575941436710542,720575941437367840,720575941439824402,720575941443325391,720575941450242653,720575941452923975,720575941454221127,720575941458370541,720575941472725771,720575941472995168,720575941476028458,720575941478599454,720575941483447994,720575941487548301,720575941492467150,720575941492598476,720575941496262855,720575941496984448,720575941498871777,720575941500864418,720575941503083147,720575941505426626,720575941506723644,720575941509215266,720575941515922179,720575941516908547,720575941517593966,720575941519085484,720575941519327086,720575941522006711,720575941524875595,720575941527003748,720575941528147878,720575941535087704,720575941535342570,720575941535546968,720575941537753320,720575941537986275,720575941539808205,720575941540589693,720575941542904861,720575941543514716,720575941546221573,720575941551079284,720575941555414273,720575941565405026,720575941568333102,720575941568341294,720575941568458286,720575941573878267,720575941585819999,720575941591148343,720575941594316840,720575941595098070,720575941596424741,720575941596694823,720575941597223025,720575941599261340,720575941603666617,720575941606127550,720575941606133438,720575941608631405,720575941611404874,720575941612705001,720575941613312941,720575941613506989,720575941613704156,720575941624345084,720575941626183323,720575941628446521,720575941629900326,720575941633176773,720575941639495285,720575941643413093,720575941643969893,720575941646196385,720575941653756145,720575941688323340"
DP1l,"720575941352877616,720575941393347222,720575941393745302,720575941394900886,720575941402007331,720575941402014243,720575941407739695,720575941411131819,720575941412138095,720575941412477355,720575941418143004,720575941426661460,720575941430480120,720575941431339768,720575941433344398,720575941436567694,720575941438563039,720575941439824402,720575941440284245,720575941440892507,720575941441466319,720575941442764458,720575941444074410,720575941445138090,720575941453374889,720575941454221127,720575941459310751,720575941459921619,720575941461945796,720575941463252420,720575941463514768,720575941467113238,720575941467530774,720575941469041629,720575941470432887,720575941471402763,720575941472725771,720575941474890282,720575941474918442,720575941475472443,720575941477432350,720575941478590516,720575941478599454,720575941481225039,720575941482046605,720575941482069133,720575941482212003,720575941487548301,720575941488023558,720575941491548515,720575941492563376,720575941492598476,720575941495508352,720575941495720320,720575941496262855,720575941496973952,720575941498906593,720575941501178786,720575941503628887,720575941504978775,720575941505297751,720575941505298263,720575941506136229,720575941506523265,720575941509200990,720575941510683408,720575941511469522,720575941514580826,720575941514910051,720575941514925777,720575941515171331,720575941515922179,720575941516352761,720575941516869210,720575941517044590,720575941518150291,720575941518322136,720575941519202732,720575941520689075,720575941521374903,720575941522006711,720575941523018487,720575941525248075,720575941527672066,720575941527934820,720575941528270338,720575941529305272,720575941532427237,720575941532938674,720575941534450098,720575941534452914,720575941534946136,720575941535022570,720575941535087704,720575941536352856,720575941536605160,720575941537638888,720575941537753320,720575941537896474,720575941538701032,720575941539183331,720575941539370133,720575941541845852,720575941542904861,720575941543044637,720575941543514716,720575941546397033,720575941550691361,720575941550987892,720575941551129343,720575941551860735,720575941551975679,720575941552068926,720575941552270234,720575941554218579,720575941555160833,720575941555414273,720575941555601380,720575941556682148,720575941556807937,720575941558266788,720575941561290285,720575941563476904,720575941565405026,720575941565614343,720575941567385191,720575941567736423,720575941568333102,720575941569688826,720575941569770098,720575941570144244,720575941573939613,720575941574107643,720575941574789640,720575941574825480,720575941575584872,720575941576743528,720575941580086873,720575941581303929,720575941581752441,720575941584783326,720575941585819999,720575941585846750,720575941586192774,720575941586776798,720575941587764702,720575941588916036,720575941590023492,720575941591102519,720575941591148343,720575941592234636,720575941592649430,720575941594448235,720575941594711077,720575941596694823,720575941597223025,720575941599261340,720575941601416438,720575941603666617,720575941604034750,720575941606127550,720575941608543562,720575941611375690,720575941611690086,720575941612309677,720575941613506989,720575941613704156,720575941614581779,720575941621041279,720575941624345084,720575941627278137,720575941628446521,720575941630062818,720575941632286188,720575941632888736,720575941632901563,720575941639495285,720575941643922337,720575941653211413,720575941653756145,720575941654891481,720575941654911505,720575941657028308,720575941658668056,720575941660512336,720575941670152625,720575941688323340,720575941689084172,720575941691218072,720575941722622778"
DP1m,"720575941394900886,720575941409462702,720575941411131819,720575941412477355,720575941418143004,720575941430480120,720575941431339768,720575941436567694,720575941438563039,720575941439646175,720575941439824402,720575941440284245,720575941440892507,720575941442764458,720575941445138090,720575941454221127,720575941459310751,720575941461945796,720575941463514768,720575941472725771,720575941474890282,720575941474918442,720575941477432350,720575941478599454,720575941479643778,720575941481225039,720575941482046605,720575941484931002,720575941487548301,720575941488023558,720575941491548515,720575941492598476,720575941495508352,720575941496262855,720575941496973952,720575941501178786,720575941502947927,720575941509806096,720575941510683408,720575941513298897,720575941515922179,720575941516869210,720575941519202732,720575941521374903,720575941522006711,720575941523018487,720575941525248075,720575941527672066,720575941532427237,720575941532938674,720575941534946136,720575941535022570,720575941535087704,720575941536352856,720575941537753320,720575941537896474,720575941537986275,720575941538701032,720575941539370133,720575941541845852,720575941542904861,720575941543044637,720575941550987892,720575941551975679,720575941552270234,720575941554218579,720575941555160833,720575941555414273,720575941557120769,720575941558266788,720575941565405026,720575941565614343,720575941566466199,720575941567736423,720575941568333102,720575941568558068,720575941569688826,720575941570144244,720575941574107643,720575941574789640,720575941581303929,720575941585819999,720575941586192774,720575941586776798,720575941591148343,720575941592234636,720575941592649430,720575941594448235,720575941596694823,720575941597223025,720575941599261340,720575941606127550,720575941611690086,720575941612309677,720575941613241062,720575941613478675,720575941613506989,720575941613704156,720575941614581779,720575941617664725,720575941624345084,720575941628446521,720575941632286188,720575941639495285,720575941646770376,720575941653756145,720575941654891481,720575941654911505,720575941658668056,720575941671349671,720575941688323340,720575941688743948,720575941691218072,720575941722622778,720575941723350074"
V,"720575941394900886,720575941408873519,720575941411789167,720575941413083503,720575941415657873,720575941431339951,720575941439418197,720575941439434837,720575941439824402,720575941443325391,720575941450197853,720575941450331229,720575941456025581,720575941458518431,720575941461374790,720575941462778512,720575941463808400,720575941463893005,720575941469006557,720575941472725771,720575941474918442,720575941478490433,720575941480497632,720575941483857661,720575941486733122,720575941491989223,720575941493812656,720575941496920448,720575941496973952,720575941499671675,720575941502416066,720575941504749035,720575941508953554,720575941509220642,720575941510380304,720575941510735376,720575941512609091,720575941514026828,720575941514335820,720575941515866883,720575941516001123,720575941516230905,720575941516337657,720575941516418883,720575941519200940,720575941519202732,720575941519327086,720575941519499180,720575941524477515,720575941525516619,720575941526974466,720575941528134310,720575941528135846,720575941529059238,720575941531506123,720575941532541387,720575941532874213,720575941533034627,720575941533746520,720575941537538280,720575941541599836,720575941550691361,720575941550987892,720575941553681665,720575941557204196,720575941560862835,720575941563347112,720575941564087296,720575941566851991,720575941568333102,720575941576743528,720575941579531857,720575941580419573,720575941585819999,720575941585859935,720575941586776798,720575941587022558,720575941590123063,720575941596694823,720575941597223025,720575941599261340,720575941605177534,720575941606127550,720575941606268606,720575941611426634,720575941612512102,720575941613506989,720575941624345084,720575941628446521,720575941629417273,720575941632450757,720575941633222048,720575941639495285,720575941640784159,720575941644222113,720575941653756145,720575941653778705,720575941654685652,720575941656680784,720575941670401969,720575941671590055,720575941687758092,720575941688176879,720575941690728667,720575941691218072,720575941692403352"
VA1d,"720575941392716694,720575941418143004,720575941430764536,720575941432405423,720575941432422241,720575941436255374,720575941436567694,720575941439505749,720575941439666194,720575941439824402,720575941454221127,720575941460776388,720575941468799766,720575941469006557,720575941472725771,720575941474918442,720575941475226464,720575941475552827,720575941478599454,720575941480631426,720575941482051235,720575941482244547,720575941483447994,720575941484047546,720575941492598476,720575941496009344,720575941496984448,720575941499671675,720575941504989015,720575941512609091,720575941515922179,720575941519202732,720575941519327086,720575941523018487,720575941525516619,720575941528270338,720575941532541387,720575941533275365,720575941535481793,720575941537986275,720575941539183331,720575941539808205,720575941540445938,720575941543514716,720575941549554721,720575941550226804,720575941551975679,720575941553728410,720575941553735815,720575941554212123,720575941555160833,720575941555414273,720575941555700307,720575941560464878,720575941561384493,720575941561626483,720575941562877229,720575941563347112,720575941564149416,720575941564941319,720575941565405026,720575941568333102,720575941568458286,720575941572741790,720575941575529359,720575941577624665,720575941585819999,720575941586767838,720575941588916036,720575941591148343,720575941592376022,720575941592972840,720575941595987158,720575941596694823,720575941597223025,720575941598853056,720575941599261340,720575941606127550,720575941607857005,720575941610100554,720575941613363558,720575941613506989,720575941613704156,720575941615484947,720575941620273023,720575941624345084,720575941628446521,720575941630269478,720575941632186565,720575941639495285,720575941641538079,720575941646272161,720575941652434417,720575941653091057,720575941653756145,720575941654891481,720575941656389656,720575941660512336,720575941670053041,720575941671349671,720575941688909174,720575941689426927,720575941690901723,720575941692228248,720575941704102618"
VA1v,"720575941393745302,720575941413768815,720575941414599316,720575941415657873,720575941427702356,720575941432405423,720575941439505749,720575941439824402,720575941442489023,720575941448192276,720575941450036917,720575941454221127,720575941460776388,720575941467776278,720575941468799766,720575941469006557,720575941472065911,720575941472725771,720575941474918442,720575941475226464,720575941475552827,720575941477223217,720575941477450526,720575941478599454,720575941478662250,720575941482244547,720575941483447994,720575941484047546,720575941491836873,720575941492598476,720575941496009344,720575941496262855,720575941496984704,720575941499230689,720575941499671675,720575941505071959,720575941505384508,720575941509434146,720575941512609091,720575941519202732,720575941519327086,720575941519906476,720575941520403310,720575941523018487,720575941528270338,720575941529902776,720575941530001893,720575941530459851,720575941532541387,720575941533275365,720575941533599205,720575941535417322,720575941536605160,720575941536776938,720575941537538280,720575941539183331,720575941539808205,720575941540445938,720575941549554721,720575941550226804,720575941550987892,720575941551975679,720575941553728410,720575941553735815,720575941555414273,720575941555700307,720575941555971812,720575941558475428,720575941561384493,720575941561626483,720575941562877229,720575941563347112,720575941567720750,720575941568333102,720575941570927040,720575941575529359,720575941576697526,720575941580015093,720575941585819999,720575941586873478,720575941588916036,720575941591148343,720575941592376022,720575941592972840,720575941593089061,720575941593738859,720575941595987158,720575941596554885,720575941596694823,720575941597223025,720575941598588060,720575941599261340,720575941603666617,720575941606127550,720575941607857005,720575941608642413,720575941610100554,720575941613506989,720575941615484947,720575941615539609,720575941620273023,720575941624345084,720575941625906843,720575941628446521,720575941632186565,720575941633078725,720575941639495285,720575941641538079,720575941644649889,720575941652434417,720575941652874513,720575941653756145,720575941654891481,720575941656389656,720575941667615219,720575941671349671,720575941688436975,720575941688909174,720575941689426927,720575941704102618,720575941733663275"
VA2,"720575941352877616,720575941394900886,720575941407977263,720575941411131819,720575941412477355,720575941412681583,720575941416817692,720575941418143004,720575941430295544,720575941431339768,720575941433344398,720575941434323982,720575941436567694,720575941437598738,720575941439099615,720575941439824402,720575941440284245,720575941450058677,720575941452381865,720575941452718407,720575941452923975,720575941454221127,720575941456701677,720575941458207469,720575941458370541,720575941460776388,720575941461005523,720575941461945796,720575941463514768,720575941463588240,720575941471402763,720575941472725771,720575941474918442,720575941475472443,720575941477250846,720575941477854785,720575941478318641,720575941478590516,720575941478599454,720575941479988610,720575941481225039,720575941487548301,720575941492598476,720575941496262855,720575941496827008,720575941496973952,720575941496984448,720575941497888384,720575941499022305,720575941508586625,720575941509200990,720575941511808210,720575941515922179,720575941516307603,720575941516418883,720575941516827795,720575941516903571,720575941519202732,720575941519327086,720575941520585143,720575941520998327,720575941521374903,720575941522006711,720575941522978995,720575941523018487,720575941523396939,720575941534504426,720575941535022570,720575941535087704,720575941535417610,720575941535620018,720575941535772698,720575941536352856,720575941536605160,720575941537542888,720575941537753320,720575941537986275,720575941539183331,720575941539370133,720575941541845852,720575941542904861,720575941545971132,720575941546505148,720575941547367092,720575941551860735,720575941551975679,720575941553728410,720575941553735815,720575941554625363,720575941555414273,720575941555700307,720575941556443876,720575941557120769,720575941560125422,720575941560341107,720575941565405026,720575941566007959,720575941566876055,720575941567385191,720575941568333102,720575941568458286,720575941568502522,720575941570144244,720575941573903369,720575941574789640,720575941574825480,720575941575688200,720575941576743528,720575941577599592,720575941577670489,720575941579784529,720575941585819999,720575941586192774,720575941586776798,720575941586869382,720575941590023492,720575941591148343,720575941592943656,720575941594189864,720575941594448235,720575941595449125,720575941596694823,720575941597223025,720575941598155456,720575941599261340,720575941603666617,720575941604964030,720575941606127550,720575941609080685,720575941610526697,720575941611690086,720575941612052653,720575941612233901,720575941613506989,720575941613704156,720575941614581779,720575941624345084,720575941625100187,720575941628446521,720575941639495285,720575941642650469,720575941643991928,720575941653217813,720575941653756145,720575941654502105,720575941654891481,720575941658668056,720575941671349671,720575941680234941,720575941680248509,720575941687329263,720575941689084172,720575941689827340,720575941690824667,720575941692228248,720575941702695386,720575941732487211"
VA3,"720575941352877616,720575941392624388,720575941393745302,720575941394900886,720575941402014243,720575941411131819,720575941412477355,720575941412529007,720575941431339768,720575941432403375,720575941433344398,720575941435397006,720575941436154656,720575941436567694,720575941438563039,720575941439576917,720575941439824402,720575941440284245,720575941440470357,720575941452718407,720575941452856698,720575941460776388,720575941461966532,720575941463514768,720575941463588240,720575941467113238,720575941471402763,720575941472725771,720575941474918442,720575941477262388,720575941477358878,720575941477370420,720575941478599454,720575941480860323,720575941481225039,720575941482051235,720575941482223299,720575941487548301,720575941490654924,720575941492563376,720575941492598476,720575941496262855,720575941496973952,720575941496984704,720575941498906593,720575941499027169,720575941501769099,720575941502600898,720575941504978775,720575941504989015,720575941505426626,720575941506143255,720575941508064791,720575941509215266,720575941513876433,720575941515922179,720575941516095322,720575941516418883,720575941516908547,720575941519202732,720575941519327086,720575941519340760,720575941520283820,720575941520998327,720575941522006711,720575941522669747,720575941523018487,720575941525516619,720575941527003748,720575941528147878,720575941530001893,720575941532853221,720575941532938674,720575941534113880,720575941535087704,720575941535546968,720575941536770531,720575941537638888,720575941537753320,720575941537986275,720575941539370133,720575941539980018,720575941542904861,720575941546221573,720575941550691361,720575941550987892,720575941551129343,720575941551975679,720575941553728410,720575941553735815,720575941554181121,720575941554688513,720575941555017555,720575941555160833,720575941555414273,720575941555700307,720575941557566884,720575941560341107,720575941560591917,720575941564890775,720575941565405026,720575941565679767,720575941566876055,720575941568333102,720575941568341294,720575941570144244,720575941574789640,720575941574825480,720575941576743528,720575941577647961,720575941581303929,720575941584783326,720575941585819999,720575941588916036,720575941590023492,720575941591102519,720575941591148343,720575941595098070,720575941596424741,720575941596694823,720575941597223025,720575941597726876,720575941599261340,720575941603666617,720575941604912569,720575941604964030,720575941606127550,720575941607866477,720575941608631405,720575941611404461,720575941611404874,720575941611690086,720575941612233901,720575941613312941,720575941613506989,720575941613704156,720575941615180953,720575941624345084,720575941626183323,720575941628446521,720575941632852384,720575941639495285,720575941645268897,720575941652212977,720575941652874513,720575941653205265,720575941653217813,720575941653756145,720575941653977817,720575941654891481,720575941658668056,720575941670700711,720575941688323340,720575941689939830,720575941690599832,720575941690728667,720575941692228248,720575941733663275"
VA4,"720575941352877616,720575941391873540,720575941394900886,720575941411131819,720575941412477355,720575941418143004,720575941432002263,720575941433344398,720575941436567694,720575941438701612,720575941440284245,720575941451060090,720575941454221127,720575941458370541,720575941460075078,720575941463514768,720575941471402763,720575941472725771,720575941474918442,720575941475472443,720575941477370420,720575941477662750,720575941477854785,720575941478599454,720575941487548301,720575941492598476,720575941496262855,720575941496973952,720575941496984704,720575941501178786,720575941504493250,720575941509200990,720575941515346508,720575941515922179,720575941519075438,720575941519202732,720575941520998327,720575941522006711,720575941523018487,720575941528270338,720575941535087704,720575941535620018,720575941535674049,720575941535772698,720575941537638888,720575941537753320,720575941537986275,720575941538423538,720575941541845852,720575941542904861,720575941546173876,720575941551129343,720575941551330365,720575941551975679,720575941555160833,720575941555414273,720575941561384493,720575941565405026,720575941568333102,720575941568455674,720575941570087156,720575941570739444,720575941574789640,720575941574825480,720575941577599592,720575941579108953,720575941581303929,720575941585819999,720575941586192774,720575941588916036,720575941590023492,720575941591148343,720575941591608939,720575941592943656,720575941596694823,720575941597223025,720575941599261340,720575941599987648,720575941604964030,720575941606127550,720575941607866477,720575941609085549,720575941611690086,720575941613506989,720575941613704156,720575941614581779,720575941625906843,720575941628446521,720575941644023672,720575941644699848,720575941645422536,720575941645511624,720575941653756145,720575941655993556,720575941659305752,720575941660512336,720575941662678072,720575941670700711,720575941688323340,720575941688819980"
VA5,"720575941352877616,720575941393745302,720575941394900886,720575941412477355,720575941430764536,720575941431339768,720575941436567694,720575941438563039,720575941439303743,720575941439824402,720575941440284245,720575941440470357,720575941443325391,720575941452718407,720575941453022279,720575941454221127,720575941460776388,720575941463141316,720575941463588240,720575941472725771,720575941474918442,720575941477358878,720575941477370420,720575941478599454,720575941480860323,720575941486511682,720575941492467150,720575941492598476,720575941496262855,720575941496984704,720575941498906593,720575941501178786,720575941504989015,720575941505426626,720575941509200990,720575941509893505,720575941519075438,720575941519202732,720575941519327086,720575941522006711,720575941525516619,720575941527668482,720575941528270338,720575941535481793,720575941535620018,720575941536605160,720575941537753320,720575941537986275,720575941539980018,720575941542904861,720575941550537021,720575941550691361,720575941550987892,720575941551129343,720575941551975679,720575941553728410,720575941555160833,720575941555414273,720575941557566884,720575941560341107,720575941560622195,720575941561384493,720575941565405026,720575941565483062,720575941565517312,720575941566876055,720575941568333102,720575941570144244,720575941584738399,720575941584783326,720575941585819999,720575941588916036,720575941590023492,720575941591148343,720575941596694823,720575941597223025,720575941599261340,720575941603666617,720575941604034750,720575941604964030,720575941606127550,720575941613312941,720575941613506989,720575941613704156,720575941624345084,720575941627518828,720575941628446521,720575941643413093,720575941653756145,720575941654891481,720575941658561048,720575941671349671,720575941690728667,720575941692228248"
VA6,"720575941352877616,720575941393745302,720575941394900886,720575941401077795,720575941411131819,720575941418143004,720575941431339768,720575941432042889,720575941433344398,720575941439519573,720575941439824402,720575941440284245,720575941450242653,720575941454221127,720575941459007728,720575941462437264,720575941463514768,720575941467712278,720575941472725771,720575941474918442,720575941477223217,720575941477262388,720575941477294878,720575941477734506,720575941478599454,720575941478662250,720575941481225039,720575941483447994,720575941483539654,720575941485612941,720575941490654924,720575941490721333,720575941492598476,720575941495032007,720575941496262855,720575941496973952,720575941496984704,720575941497607035,720575941498206281,720575941498287689,720575941498906593,720575941499671675,720575941503826923,720575941504978775,720575941509200990,720575941509434146,720575941509540130,720575941515922179,720575941519202732,720575941519327086,720575941523018487,720575941532541387,720575941533275365,720575941533599205,720575941534463410,720575941535022570,720575941535087704,720575941535620018,720575941536605160,720575941537352970,720575941537538280,720575941537753320,720575941537986275,720575941539183331,720575941548282804,720575941550226804,720575941551330365,720575941551975679,720575941553735815,720575941554181121,720575941555160833,720575941555414273,720575941555700307,720575941557204196,720575941560591917,720575941561384493,720575941562877229,720575941563347112,720575941565405026,720575941566876055,720575941568333102,720575941568458286,720575941568940532,720575941570144244,720575941572582814,720575941579108953,720575941585819999,720575941586873478,720575941589186871,720575941590023492,720575941591148343,720575941596554885,720575941596694823,720575941597223025,720575941599261340,720575941603666617,720575941604964030,720575941606127550,720575941608642413,720575941611690086,720575941613506989,720575941613522908,720575941613704156,720575941614581779,720575941620049023,720575941620273023,720575941624345084,720575941625906843,720575941628446521,720575941631032034,720575941632186565,720575941641538079,720575941645294200,720575941646196385,720575941652374037,720575941653756145,720575941653977817,720575941654826708,720575941654891481,720575941655784404,720575941658668056,720575941671349671,720575941682273981,720575941688323340,720575941689084172,720575941692228248"
VA7l,"720575941452862535,720575941478599454,720575941498906593,720575941519202732,720575941551129343,720575941551975679,720575941560341107,720575941564200082,720575941565405026,720575941568333102,720575941585819999,720575941591148343,720575941597223025,720575941603666617,720575941681486269"
VA7m,"720575941393745302,720575941394900886,720575941402014243,720575941411131819,720575941412477355,720575941416817692,720575941431339768,720575941436567694,720575941439576917,720575941439824402,720575941440284245,720575941440470357,720575941441694555,720575941449357405,720575941452718407,720575941452856698,720575941454221127,720575941460776388,720575941461966532,720575941463514768,720575941463588240,720575941467113238,720575941472725771,720575941474918442,720575941475820091,720575941477358878,720575941477787498,720575941478590516,720575941478599454,720575941480860323,720575941481225039,720575941482051235,720575941482223299,720575941484789178,720575941487548301,720575941492598476,720575941496262855,720575941496973952,720575941496984704,720575941497888384,720575941498906593,720575941499913953,720575941500864418,720575941504989015,720575941505426626,720575941509200990,720575941511808210,720575941515922179,720575941516418883,720575941519075438,720575941519202732,720575941519327086,720575941520998327,720575941522006711,720575941523018487,720575941525516619,720575941527977126,720575941534504426,720575941534788995,720575941535022570,720575941535087704,720575941535620018,720575941536605160,720575941537753320,720575941537986275,720575941539183331,720575941539808205,720575941540123740,720575941540559485,720575941542904861,720575941543064861,720575941543514716,720575941546119429,720575941550691361,720575941551129343,720575941551860735,720575941555160833,720575941555414273,720575941557566884,720575941560341107,720575941560591917,720575941565405026,720575941568333102,720575941570144244,720575941574384123,720575941574825480,720575941579108953,720575941584783326,720575941585819999,720575941588916036,720575941590023492,720575941591148343,720575941595449125,720575941596424741,720575941596694823,720575941597223025,720575941599261340,720575941599987648,720575941603666617,720575941604964030,720575941606127550,720575941608631405,720575941611690086,720575941612233901,720575941612271946,720575941613312941,720575941613506989,720575941613704156,720575941624345084,720575941626183323,720575941628446521,720575941631149026,720575941633855931,720575941638784885,720575941639495285,720575941646196385,720575941653217813,720575941653756145,720575941654891481,720575941658668056,720575941660512336,720575941670700711,720575941671349671,720575941688323340,720575941690728667,720575941703667674"
VC1,"720575941352877616,720575941391873540,720575941394900886,720575941407703214,720575941416341276,720575941431173880,720575941431339768,720575941437906194,720575941438701612,720575941439262783,720575941439824402,720575941440284245,720575941441295311,720575941445101738,720575941449953870,720575941452718407,720575941452923975,720575941454221127,720575941458196383,720575941458370541,720575941460776388,720575941463295501,720575941463514768,720575941466982742,720575941469310941,720575941471402763,720575941472725771,720575941474567978,720575941474918442,720575941478599454,720575941481044899,720575941482111139,720575941483598333,720575941485677890,720575941490795751,720575941492598476,720575941496262855,720575941496480711,720575941501178786,720575941503349298,720575941509200990,720575941515111002,720575941515346508,720575941515922179,720575941516418883,720575941519075438,720575941519202732,720575941519327086,720575941521225143,720575941523018487,720575941524141387,720575941525138457,720575941526418201,720575941527376550,720575941527668482,720575941535023794,720575941535087704,720575941535620018,720575941535729946,720575941536430785,720575941536605160,720575941536776938,720575941537841379,720575941537986275,720575941539183331,720575941543514716,720575941544128797,720575941547367092,720575941550987892,720575941551736894,720575941551975679,720575941552796990,720575941553521562,720575941553735815,720575941555414273,720575941555700307,720575941557204196,720575941561384493,720575941564890775,720575941565353362,720575941565614343,720575941567129134,720575941568333102,720575941568342130,720575941569643634,720575941570144244,720575941570739444,720575941572689054,720575941574789640,720575941574825480,720575941575688200,720575941575819880,720575941579410165,720575941584633439,720575941585803230,720575941585819999,720575941586192774,720575941586869382,720575941589470206,720575941590023492,720575941591148343,720575941593800299,720575941594470181,720575941594595621,720575941595449125,720575941595498277,720575941595875953,720575941596694823,720575941597223025,720575941599261340,720575941599693724,720575941600820521,720575941603666617,720575941606127550,720575941606208446,720575941612610268,720575941613506989,720575941613704156,720575941631149026,720575941632362912,720575941638523509,720575941639495285,720575941640408607,720575941644699848,720575941653322517,720575941653756145,720575941654891481,720575941658668056,720575941662306616,720575941670700711,720575941671349671,720575941678594237,720575941688819980,720575941689084172,720575941690728667,720575941692228248,720575941723350074,720575941731702059"
VC2,"720575941352877616,720575941393745302,720575941431339768,720575941435251086,720575941439824402,720575941440284245,720575941441295311,720575941448795061,720575941452718407,720575941461966532,720575941463514768,720575941466982742,720575941471092087,720575941472725771,720575941473234496,720575941474918442,720575941477262388,720575941478599454,720575941492467150,720575941492598476,720575941499377275,720575941519202732,720575941519327086,720575941522247415,720575941525138457,720575941525516619,720575941535144385,720575941536605160,720575941537986275,720575941539183331,720575941539224981,720575941544128797,720575941550469181,720575941550691361,720575941557566884,720575941565405026,720575941565614343,720575941566876055,720575941568333102,720575941575062415,720575941585819999,720575941588916036,720575941589186871,720575941591148343,720575941596424741,720575941596694823,720575941597223025,720575941603666617,720575941606127550,720575941611404461,720575941613506989,720575941613704156,720575941614777875,720575941625334939,720575941628446521,720575941631149026,720575941633855931,720575941644186706,720575941646196385,720575941653756145,720575941654891481,720575941661777208,720575941704364506"
VC3,"720575941391873540,720575941416341276,720575941431339768,720575941438701612,720575941439400021,720575941439576917,720575941439824402,720575941441295311,720575941443325391,720575941445101738,720575941452718407,720575941454221127,720575941463514768,720575941472725771,720575941474918442,720575941478599454,720575941486814214,720575941487548301,720575941490795751,720575941491173838,720575941492598476,720575941493296615,720575941496262855,720575941503072599,720575941507559749,720575941508246341,720575941508255045,720575941515011907,720575941515346508,720575941515922179,720575941519202732,720575941525138457,720575941525516619,720575941535022570,720575941535620018,720575941535772698,720575941537841379,720575941550987892,720575941551975679,720575941552796990,720575941553735815,720575941554070426,720575941565353362,720575941566656354,720575941567129134,720575941568333102,720575941572689054,720575941573540168,720575941575688200,720575941579410165,720575941580940665,720575941584633439,720575941585819999,720575941586608862,720575941591148343,720575941594595621,720575941596694823,720575941597223025,720575941599261340,720575941600820521,720575941603666617,720575941605110718,720575941606127550,720575941611226698,720575941612610268,720575941613506989,720575941613704156,720575941624345084,720575941638523509,720575941639495285,720575941644569761,720575941644699848,720575941653322517,720575941653756145,720575941654891481,720575941658668056,720575941671349671,720575941678594237,720575941687329263,720575941688819980,720575941690728667"
VC4,"720575941352877616,720575941409857071,720575941412477355,720575941415798417,720575941418143004,720575941431339768,720575941432443785,720575941439824402,720575941443325391,720575941450717006,720575941454221127,720575941463514768,720575941472725771,720575941474567978,720575941474918442,720575941477854785,720575941478599454,720575941483283910,720575941486567053,720575941488023558,720575941492598476,720575941497888384,720575941501178786,720575941508603205,720575941509200990,720575941515831443,720575941516101978,720575941519202732,720575941522978995,720575941523018487,720575941529289656,720575941535022570,720575941537331649,720575941537753320,720575941537986275,720575941539183331,720575941541845852,720575941543246365,720575941550691361,720575941555414273,720575941558608676,720575941561384493,720575941565614343,720575941566241590,720575941577599592,720575941579108953,720575941585819999,720575941586608862,720575941591148343,720575941591583884,720575941592754027,720575941595098838,720575941595240229,720575941596694823,720575941597223025,720575941599261340,720575941606127550,720575941611690086,720575941613506989,720575941624345084,720575941625906843,720575941628446521,720575941640146293,720575941643413093,720575941653217813,720575941653756145,720575941654891481,720575941660512336,720575941671349671,720575941689084172,720575941689967222,720575941692228248,720575941723350074,720575941731656747"
VC5,"720575941391873540,720575941394900886,720575941400930851,720575941431339768,720575941433110369,720575941438608191,720575941439576917,720575941441295311,720575941454221127,720575941459991366,720575941463514768,720575941471402763,720575941472725771,720575941474871338,720575941474918442,720575941478599454,720575941492467150,720575941492598476,720575941494528640,720575941496262855,720575941496973952,720575941498906593,720575941503072599,720575941504674583,720575941507559749,720575941508246341,720575941515922179,720575941519202732,720575941519525592,720575941522050999,720575941523018487,720575941525138457,720575941534032101,720575941537841379,720575941537986275,720575941538968469,720575941539183331,720575941550691361,720575941551129343,720575941555414273,720575941560591917,720575941560811821,720575941561384493,720575941564322823,720575941565390695,720575941565405026,720575941566656354,720575941568333102,720575941568458286,720575941569468974,720575941571962888,720575941571989150,720575941574642683,720575941575557883,720575941576743528,720575941584633439,720575941585819999,720575941591148343,720575941592754027,720575941594595621,720575941595288357,720575941596694823,720575941597223025,720575941599261340,720575941599987648,720575941600820521,720575941605110718,720575941606127550,720575941609866726,720575941611226698,720575941611690086,720575941613506989,720575941613704156,720575941624345084,720575941625906843,720575941628446521,720575941633714363,720575941639495285,720575941652809713,720575941653646609,720575941653756145,720575941654891481,720575941658668056,720575941660512336,720575941688819980,720575941691218072,720575941723350074"
VL1,"720575941393745302,720575941413772655,720575941415657873,720575941431558241,720575941434247438,720575941435354254,720575941438563039,720575941439150047,720575941440284245,720575941441500863,720575941442044623,720575941450248285,720575941450512718,720575941452223610,720575941460161350,720575941460776388,720575941460972358,720575941460990790,720575941466884374,720575941469006557,720575941469827549,720575941472725771,720575941474870068,720575941474918442,720575941476408606,720575941478057602,720575941480062659,720575941480722851,720575941482051235,720575941483998605,720575941487548301,720575941488121296,720575941490829031,720575941492598476,720575941494528640,720575941495212926,720575941496009344,720575941496984704,720575941497644411,720575941499058761,720575941499671675,720575941501178786,720575941502600898,720575941503628887,720575941504989015,720575941506469541,720575941508575361,720575941509418078,720575941512609091,720575941516270508,720575941516418883,720575941519202732,720575941519327086,720575941522006711,720575941527494937,720575941527668482,720575941528270338,720575941530001893,720575941531493507,720575941532541387,720575941532833765,720575941532938674,720575941533145944,720575941535019096,720575941535022570,720575941535218610,720575941537538280,720575941539183331,720575941539808205,720575941543514716,720575941543553884,720575941544088169,720575941544412165,720575941544910853,720575941546602428,720575941546636220,720575941547415988,720575941550175549,720575941550987892,720575941551173437,720575941551975679,720575941553210395,720575941553728410,720575941553735815,720575941554127131,720575941555160833,720575941555414273,720575941555700307,720575941556727553,720575941559355693,720575941562021778,720575941563347112,720575941564243602,720575941564742912,720575941564887447,720575941565405026,720575941566876055,720575941573331963,720575941574789640,720575941574825480,720575941575529359,720575941575688200,720575941576159241,720575941576372406,720575941581303929,720575941586606814,720575941586909764,720575941587116356,720575941588916036,720575941590023492,720575941591608939,720575941592119336,720575941592376022,720575941593693291,720575941593782891,720575941598588060,720575941599261340,720575941599987648,720575941603385273,720575941603666617,720575941604034750,720575941604964030,720575941606127550,720575941613704156,720575941621273983,720575941624414716,720575941625041148,720575941625107658,720575941625662922,720575941630062818,720575941639495285,720575941643668837,720575941658722840,720575941661250940,720575941688066799,720575941688313307,720575941688323340,720575941691218072,720575941733774123"
VL2a,"720575941411131819,720575941412477355,720575941418143004,720575941433344398,720575941435837070,720575941436567694,720575941438563039,720575941439824402,720575941441333183,720575941452718407,720575941452862535,720575941453787207,720575941461500627,720575941471402763,720575941472725771,720575941474918442,720575941478239284,720575941478599454,720575941481225039,720575941481759907,720575941487548301,720575941492563376,720575941492598476,720575941496262855,720575941496973952,720575941498906593,720575941502600898,720575941503628887,720575941504941035,720575941507047703,720575941513876433,720575941515922179,720575941516860563,720575941519202732,720575941519327086,720575941522669747,720575941523018487,720575941525516619,720575941527934820,720575941530001893,720575941535620018,720575941536605160,720575941537753320,720575941537986275,720575941538276757,720575941539183331,720575941542904861,720575941547642812,720575941551129343,720575941551975679,720575941553728410,720575941555160833,720575941555162651,720575941555414273,720575941558360996,720575941561384493,720575941564200082,720575941565405026,720575941566876055,720575941568458286,720575941570144244,720575941572625822,720575941581303929,720575941584783326,720575941585819999,720575941589528388,720575941591148343,720575941594731478,720575941596554885,720575941596694823,720575941597223025,720575941602262825,720575941603666617,720575941604034750,720575941606127550,720575941610682470,720575941611690086,720575941613506989,720575941613704156,720575941624345084,720575941628446521,720575941634217925,720575941639495285,720575941653756145,720575941654891481,720575941660512336,720575941664692860,720575941668571891,720575941668908977,720575941688323340,720575941690728667"
VL2p,"720575941352877616,720575941392160004,720575941392768004,720575941394076822,720575941394900886,720575941400930851,720575941402014243,720575941409462702,720575941411131819,720575941412477355,720575941413772655,720575941415725713,720575941418143004,720575941431339768,720575941433344398,720575941436567694,720575941438563039,720575941438608191,720575941439824402,720575941440284245,720575941440546645,720575941442764458,720575941444074410,720575941448675509,720575941452718407,720575941452923975,720575941454221127,720575941459310751,720575941459991366,720575941460776388,720575941461500627,720575941461945796,720575941466974294,720575941471402763,720575941472725771,720575941474870068,720575941474890282,720575941474918442,720575941477870913,720575941478599454,720575941479018561,720575941481225039,720575941482046605,720575941483274438,720575941485051834,720575941487548301,720575941488799689,720575941491407024,720575941491439847,720575941492563376,720575941492598476,720575941494528640,720575941495720320,720575941496083911,720575941496262855,720575941496482273,720575941496973952,720575941497095905,720575941498906593,720575941499027169,720575941501178786,720575941502600898,720575941503319895,720575941503628887,720575941505167420,720575941507057477,720575941507332165,720575941509418078,720575941509514078,720575941511469522,720575941513298897,720575941513876433,720575941515107833,720575941515171331,720575941515802467,720575941515906195,720575941515922179,720575941516095322,720575941516449964,720575941519075438,720575941519202732,720575941519327086,720575941520689075,720575941522006711,720575941523018487,720575941525248075,720575941525516619,720575941527934820,720575941528270338,720575941530001893,720575941531493507,720575941532427237,720575941532938674,720575941533145944,720575941534946136,720575941535022570,720575941535087704,720575941536517874,720575941536605160,720575941537538280,720575941537753320,720575941537896474,720575941537986275,720575941538276757,720575941538861288,720575941539183331,720575941539370133,720575941541845852,720575941542904861,720575941546314601,720575941551129343,720575941551860735,720575941551975679,720575941555160833,720575941555414273,720575941558266788,720575941560591917,720575941560667693,720575941561333230,720575941561749805,720575941561755181,720575941565390695,720575941565405026,720575941566876055,720575941567736423,720575941568333102,720575941570144244,720575941571962888,720575941571997342,720575941573331963,720575941574107643,720575941574789640,720575941575557883,720575941579609589,720575941581303929,720575941584082654,720575941584765023,720575941584783326,720575941585819999,720575941585945822,720575941586192774,720575941589888055,720575941590023492,720575941591148343,720575941592234636,720575941592649430,720575941592684940,720575941593053803,720575941596554885,720575941596694823,720575941597223025,720575941599261340,720575941602144809,720575941603036601,720575941603666617,720575941604034750,720575941606127550,720575941609866726,720575941611690086,720575941613506989,720575941613704156,720575941614581779,720575941620239743,720575941624345084,720575941628446521,720575941630062818,720575941630428130,720575941643279816,720575941653756145,720575941654891481,720575941658668056,720575941660230936,720575941664692860,720575941667081459,720575941669337075,720575941671349671,720575941687874678,720575941688313307,720575941688323340,720575941688743948,720575941722622778"
VM1,"720575941394900886,720575941394966934,720575941410220715,720575941412477355,720575941431339768,720575941433110369,720575941438730770,720575941439576917,720575941440284245,720575941440546645,720575941454221127,720575941459991366,720575941460776388,720575941462437264,720575941463514768,720575941467193878,720575941471402763,720575941472725771,720575941474918442,720575941478490730,720575941478599454,720575941488799689,720575941492373936,720575941496973952,720575941496984704,720575941500288225,720575941502600898,720575941509200990,720575941516095322,720575941516449964,720575941519202732,720575941519327086,720575941520689075,720575941522203383,720575941523018487,720575941525248075,720575941525516619,720575941527025318,720575941527668482,720575941528270338,720575941532019685,720575941532938674,720575941536637418,720575941537753320,720575941537986275,720575941551129343,720575941551975679,720575941555414273,720575941555700307,720575941558282404,720575941559105295,720575941560591917,720575941561749805,720575941561755181,720575941563205522,720575941565405026,720575941568458286,720575941569468974,720575941570144244,720575941575557883,720575941576743528,720575941579108953,720575941584082654,720575941585819999,720575941586776798,720575941590023492,720575941591148343,720575941596694823,720575941597703813,720575941603036601,720575941603666617,720575941604034750,720575941606127550,720575941607813485,720575941613506989,720575941613704156,720575941624345084,720575941628446521,720575941630062818,720575941643279816,720575941653756145,720575941654891481,720575941658668056,720575941669337075,720575941669769203,720575941671349671,720575941688313307,720575941688323340"
VM2,"720575941352877616,720575941394900886,720575941402014243,720575941411131819,720575941412138095,720575941412477355,720575941431223983,720575941431339768,720575941432092513,720575941433344398,720575941436567694,720575941439824402,720575941440284245,720575941463514768,720575941467113238,720575941472725771,720575941474918442,720575941478473066,720575941478599454,720575941481225039,720575941482190534,720575941486814214,720575941487548301,720575941492467150,720575941492598476,720575941496262855,720575941496984704,720575941504978775,720575941508603205,720575941515922179,720575941519202732,720575941519327086,720575941522006711,720575941522978995,720575941523396939,720575941526059341,720575941527668482,720575941529289656,720575941532938674,720575941535087704,720575941537638888,720575941537753320,720575941539183331,720575941542904861,720575941543514716,720575941546221573,720575941550691361,720575941551860735,720575941551975679,720575941553728410,720575941553735815,720575941555160833,720575941555414273,720575941555700307,720575941556996388,720575941558608676,720575941565063687,720575941565405026,720575941566876055,720575941568458286,720575941570144244,720575941574825480,720575941577599592,720575941585819999,720575941586192774,720575941588916036,720575941591148343,720575941591583884,720575941594546727,720575941595098838,720575941595240229,720575941595449125,720575941596694823,720575941597223025,720575941599261340,720575941603666617,720575941604964030,720575941606127550,720575941613506989,720575941613704156,720575941628446521,720575941653217813,720575941653756145,720575941660512336,720575941687329263,720575941688323340,720575941690728667,720575941704123866"
VM3,"720575941394900886,720575941410062895,720575941411131819,720575941412477355,720575941414469777,720575941431339768,720575941432490159,720575941433344398,720575941436567694,720575941438701612,720575941439824402,720575941440284245,720575941454221127,720575941460490399,720575941460776388,720575941463514768,720575941468869853,720575941472725771,720575941473673056,720575941474918442,720575941475472443,720575941478473066,720575941478599454,720575941481225039,720575941486694210,720575941487548301,720575941490473269,720575941492598476,720575941496157383,720575941496262855,720575941506429605,720575941515922179,720575941516418883,720575941519202732,720575941523018487,720575941525516619,720575941529289656,720575941535772698,720575941537986275,720575941539183331,720575941542904861,720575941543514716,720575941546173876,720575941550691361,720575941550702625,720575941551975679,720575941552173055,720575941555357156,720575941556443876,720575941556996388,720575941565405026,720575941568458286,720575941585819999,720575941586869382,720575941590023492,720575941591148343,720575941591583884,720575941594448235,720575941595098838,720575941596694823,720575941597223025,720575941599261340,720575941599987648,720575941600820521,720575941606127550,720575941611240522,720575941611690086,720575941613506989,720575941615119257,720575941624345084,720575941628446521,720575941629279270,720575941639495285,720575941640146293,720575941653217813,720575941653756145,720575941654891481,720575941658668056,720575941661944888,720575941688323340,720575941731743275"
VM4,"720575941438608191,720575941439824402,720575941440284245,720575941441295311,720575941443325391,720575941459991366,720575941472725771,720575941474918442,720575941476931102,720575941478599454,720575941492598476,720575941494528640,720575941498906593,720575941499051745,720575941501178786,720575941504674583,720575941504989015,720575941507559749,720575941515922179,720575941516095322,720575941516270508,720575941519202732,720575941519525592,720575941521225143,720575941522050999,720575941525138457,720575941527668482,720575941534032101,720575941537986275,720575941538968469,720575941539183331,720575941547506100,720575941550691361,720575941553735815,720575941555414273,720575941565255522,720575941573331963,720575941575557883,720575941582619257,720575941585819999,720575941591148343,720575941592754027,720575941594595621,720575941596694823,720575941599261340,720575941605110718,720575941606127550,720575941607866477,720575941611226698,720575941613506989,720575941619002751,720575941628446521,720575941633714363,720575941639495285,720575941652646105,720575941653646609,720575941653756145"
VM5d,"720575941352877616,720575941391873540,720575941394900886,720575941411131819,720575941416341276,720575941431339768,720575941437459218,720575941439576917,720575941439824402,720575941445101738,720575941452718407,720575941454221127,720575941456700141,720575941459157830,720575941463514768,720575941466982742,720575941472725771,720575941474567978,720575941474918442,720575941477449758,720575941477854785,720575941478599454,720575941481044899,720575941482111139,720575941484888250,720575941486814214,720575941491173838,720575941497815419,720575941501178786,720575941508255045,720575941509434146,720575941513999569,720575941515346508,720575941515875587,720575941515922179,720575941516418883,720575941519202732,720575941519327086,720575941521949003,720575941527668482,720575941530322616,720575941530427595,720575941535022570,720575941535047000,720575941535087704,720575941535726314,720575941536605160,720575941537753320,720575941537986275,720575941538870248,720575941539183331,720575941541334141,720575941543514716,720575941545964393,720575941550691361,720575941552796990,720575941553671047,720575941553915546,720575941555160833,720575941560929837,720575941561384493,720575941562819885,720575941565405026,720575941566876055,720575941568333102,720575941568458286,720575941570144244,720575941573540168,720575941574825480,720575941585819999,720575941590023492,720575941590190846,720575941591148343,720575941594595621,720575941595449125,720575941596641413,720575941596694823,720575941597223025,720575941599261340,720575941599987648,720575941606127550,720575941613506989,720575941613704156,720575941625906843,720575941643413093,720575941653322517,720575941653756145,720575941654891481,720575941658668056,720575941670636967,720575941671635623,720575941688323340"
VM5v,"720575941391953156,720575941392716694,720575941393745302,720575941415798417,720575941416341276,720575941431339768,720575941435022624,720575941439576917,720575941439824402,720575941440284245,720575941449696078,720575941451065978,720575941452923975,720575941463514768,720575941470799371,720575941471402763,720575941472725771,720575941474918442,720575941475472443,720575941478599454,720575941481447107,720575941482051235,720575941484888250,720575941486814214,720575941487548301,720575941491173838,720575941494679216,720575941496262855,720575941496984704,720575941504978775,720575941508255045,720575941513332433,720575941515346508,720575941515808003,720575941516418883,720575941519202732,720575941519327086,720575941522006711,720575941525138457,720575941527668482,720575941528270338,720575941535022570,720575941535087704,720575941536605160,720575941537753320,720575941537841379,720575941538983912,720575941540849357,720575941543514716,720575941548983585,720575941550691361,720575941552796990,720575941553728410,720575941553735815,720575941553915546,720575941555160833,720575941555414273,720575941555650643,720575941555700307,720575941560929837,720575941561384493,720575941565405026,720575941566876055,720575941570144244,720575941573540168,720575941574353147,720575941574825480,720575941577599592,720575941585819999,720575941586192774,720575941588916036,720575941590023492,720575941590190846,720575941591148343,720575941592683916,720575941594340136,720575941596641413,720575941596694823,720575941597223025,720575941599261340,720575941599987648,720575941600820521,720575941606127550,720575941613506989,720575941613704156,720575941624345084,720575941625739402,720575941626376044,720575941644387272,720575941653322517,720575941653756145,720575941654891481,720575941658668056,720575941668979377,720575941670636455,720575941671349671,720575941682275773,720575941689084172,720575941690215387,720575941692228248"
VM6,"720575941352877616,720575941400930851,720575941412477355,720575941438563039,720575941439824402,720575941440284245,720575941440546645,720575941442764458,720575941472725771,720575941474871338,720575941474918442,720575941478599454,720575941479434691,720575941481769891,720575941487548301,720575941488799689,720575941492598476,720575941496973952,720575941500288225,720575941503628887,720575941511469522,720575941514760524,720575941516095322,720575941516449964,720575941516869210,720575941519202732,720575941519327086,720575941520689075,720575941523018487,720575941528270338,720575941529127608,720575941532938674,720575941536605160,720575941536849906,720575941545998216,720575941551129343,720575941551975679,720575941555414273,720575941558282404,720575941561384493,720575941561755181,720575941565353362,720575941569468974,720575941570144244,720575941571962888,720575941575475855,720575941575557883,720575941575688200,720575941578409041,720575941581303929,720575941584082654,720575941584765023,720575941589888055,720575941591148343,720575941594470181,720575941596694823,720575941597223025,720575941603036601,720575941603666617,720575941604034750,720575941605110718,720575941606127550,720575941609866726,720575941611690086,720575941613241830,720575941613506989,720575941613704156,720575941628446521,720575941630062818,720575941643279816,720575941645051768,720575941652809713,720575941653756145,720575941661250940,720575941669337075,720575941688313307,720575941734195499"
VM6l,"720575941391928580,720575941400930851,720575941409250863,720575941431339768,720575941433344398,720575941440546645,720575941441295311,720575941443325391,720575941472725771,720575941474871338,720575941474918442,720575941478599454,720575941481769891,720575941488023558,720575941496973952,720575941497644411,720575941500288225,720575941514760524,720575941516869210,720575941519202732,720575941523018487,720575941525516619,720575941525517133,720575941543129117,720575941555160833,720575941561749805,720575941561755181,720575941565390695,720575941569468974,720575941571962888,720575941572582814,720575941574642683,720575941574956041,720575941575557883,720575941575688200,720575941584082654,720575941584765023,720575941585819999,720575941591148343,720575941593800299,720575941596694823,720575941598602396,720575941605110718,720575941606127550,720575941609866726,720575941611690086,720575941613506989,720575941613704156,720575941624345084,720575941625906843,720575941645051768,720575941652809713,720575941653756145,720575941660512336,720575941661250940,720575941669337075,720575941686365423"
VM6m,"720575941440546645,720575941459364767,720575941472725771,720575941474871338,720575941478599454,720575941481769891,720575941488023558,720575941496973952,720575941500288225,720575941505827132,720575941519202732,720575941521374903,720575941523018487,720575941525516619,720575941539370133,720575941555160833,720575941561749805,720575941563671976,720575941569468974,720575941571962888,720575941574642683,720575941575557883,720575941584082654,720575941584765023,720575941585819999,720575941591148343,720575941593800299,720575941596694823,720575941597223025,720575941598602396,720575941606127550,720575941611690086,720575941613506989,720575941613704156,720575941624345084,720575941645051768,720575941652809713,720575941653756145,720575941669337075"
VM6v,"720575941352877616,720575941409503918,720575941412477355,720575941428962441,720575941430409391,720575941433110369,720575941433344398,720575941438563039,720575941439824402,720575941440284245,720575941440546645,720575941442764458,720575941448791733,720575941449715534,720575941452718407,720575941452923975,720575941454221127,720575941472725771,720575941474870068,720575941474871338,720575941474918442,720575941476182833,720575941478599454,720575941479434691,720575941481769891,720575941484011261,720575941487548301,720575941488799689,720575941492467150,720575941496262855,720575941496973952,720575941498906593,720575941499038537,720575941500288225,720575941502600898,720575941503628887,720575941504552898,720575941509200990,720575941511469522,720575941514892899,720575941516095322,720575941516449964,720575941519202732,720575941519327086,720575941520689075,720575941522006711,720575941524839912,720575941525248075,720575941528270338,720575941529127608,720575941531507075,720575941531687397,720575941532938674,720575941535022570,720575941535087704,720575941536605160,720575941537753320,720575941545998216,720575941548625697,720575941551129343,720575941551975679,720575941555160833,720575941555414273,720575941555700307,720575941561749805,720575941561755181,720575941565405026,720575941566876055,720575941569468974,720575941570144244,720575941573509385,720575941574271901,720575941574860027,720575941575475855,720575941575557883,720575941576372406,720575941581303929,720575941584082654,720575941584765023,720575941584783326,720575941589888055,720575941590023492,720575941590471820,720575941591148343,720575941592674923,720575941596694823,720575941597223025,720575941598602396,720575941599261340,720575941601533414,720575941603036601,720575941603666617,720575941604034750,720575941604964030,720575941606127550,720575941613241830,720575941613506989,720575941613704156,720575941624345084,720575941626919562,720575941628446521,720575941630062818,720575941643279816,720575941645051768,720575941652809713,720575941653756145,720575941661250940,720575941662789244,720575941669337075,720575941671349671,720575941688313307,720575941688323340,720575941692228248"
VM7d,"720575941352877616,720575941391873540,720575941392716694,720575941394900886,720575941411131819,720575941412138095,720575941418143004,720575941427592788,720575941431026095,720575941431339768,720575941431521889,720575941432815118,720575941439824402,720575941440284245,720575941441295311,720575941451549562,720575941452718407,720575941454221127,720575941462814477,720575941463514768,720575941466667286,720575941471402763,720575941471697419,720575941472725771,720575941474918442,720575941478599454,720575941490473269,720575941493450987,720575941496262855,720575941500334665,720575941501178786,720575941502416066,720575941507674658,720575941513826513,720575941515922179,720575941516230905,720575941519202732,720575941523018487,720575941524477515,720575941527668482,720575941528270338,720575941536603368,720575941536776938,720575941537841379,720575941537986275,720575941553394203,720575941557120769,720575941560124175,720575941563199634,720575941565405026,720575941565645568,720575941568333102,720575941568458286,720575941569643634,720575941570144244,720575941571853214,720575941572689054,720575941572867081,720575941574789640,720575941574825480,720575941585819999,720575941586192774,720575941590023492,720575941590380100,720575941591148343,720575941594595621,720575941594644519,720575941595427621,720575941596249989,720575941596694823,720575941597223025,720575941597912000,720575941599261340,720575941599693724,720575941600820521,720575941604176886,720575941605110718,720575941606127550,720575941611690086,720575941613506989,720575941614581779,720575941625061787,720575941625680778,720575941628446521,720575941630805228,720575941632450757,720575941632557984,720575941641537567,720575941642955109,720575941653756145,720575941653778705,720575941654891481,720575941656680784,720575941658668056,720575941691218072"
VM7v,"720575941391873540,720575941392716694,720575941394900886,720575941414421652,720575941427592788,720575941434238222,720575941439824402,720575941440284245,720575941451549562,720575941452923975,720575941454221127,720575941461553808,720575941463808400,720575941472725771,720575941474567978,720575941474918442,720575941478599454,720575941480848803,720575941482051235,720575941496262855,720575941499320994,720575941499988642,720575941502416066,720575941507913601,720575941511762192,720575941515305219,720575941515346508,720575941515922179,720575941516230905,720575941516908547,720575941519075438,720575941519202732,720575941519327086,720575941525138457,720575941536603368,720575941537841379,720575941537986275,720575941555414273,720575941560124175,720575941565602870,720575941568341294,720575941572689054,720575941576743528,720575941581213173,720575941585819999,720575941591148343,720575941593936747,720575941594945238,720575941596694823,720575941597223025,720575941599261340,720575941604176886,720575941606127550,720575941608642413,720575941611404874,720575941612610268,720575941613506989,720575941628446521,720575941632450757,720575941639495285,720575941650948117,720575941653756145,720575941654891481,720575941658052120,720575941671349671,720575941688339864,720575941688819980,720575941691218072,720575941722270010"
