scope,glomerulus,n_orn,n_edges_orn,n_syn_orn,n_edges_local,n_edges_orn_local,N,D_set,D_mag_sum,D_mag_mean,importance_sum,importance_mean
orn,D,29,193,2623,1501,1587,50,0.0,0.008410453796386719,0.008482467383146286,0.004205226898193359,0.004241233691573143
orn,D,29,193,2623,1501,1587,100,0.0,0.008412420749664307,0.00846581719815731,0.004206210374832153,0.004232908599078655
orn,D,29,193,2623,1501,1587,250,0.0,0.008399724960327148,0.00838374812155962,0.004199862480163574,0.00419187406077981
orn,D,29,193,2623,1501,1587,500,0.0,0.008385956287384033,0.008344867266714573,0.004192978143692017,0.0041724336333572865
orn,D,29,193,2623,1501,1587,1000,0.0,0.008382081985473633,0.008353961631655693,0.004191040992736816,0.0041769808158278465
orn,DA1,206,1404,10522,2382,3591,50,0.0,0.02337789535522461,0.023596033453941345,0.011688947677612305,0.011798016726970673
orn,DA1,206,1404,10522,2382,3591,100,0.0,0.023395657539367676,0.02358357235789299,0.011697828769683838,0.011791786178946495
orn,DA1,206,1404,10522,2382,3591,250,0.0,0.02334970235824585,0.0233001708984375,0.011674851179122925,0.01165008544921875
orn,DA1,206,1404,10522,2382,3591,500,0.0,0.023318707942962646,0.023221271112561226,0.011659353971481323,0.011610635556280613
orn,DA1,206,1404,10522,2382,3591,1000,0.0,0.02326732873916626,0.023111125454306602,0.01163366436958313,0.011555562727153301
orn,DA2,28,155,1373,1729,1860,50,0.0,0.002059757709503174,0.0020885921549052,0.001029878854751587,0.0010442960774526
orn,DA2,28,155,1373,1729,1860,100,0.0,0.0020620226860046387,0.0020899279043078423,0.0010310113430023193,0.0010449639521539211
orn,DA2,28,155,1373,1729,1860,250,0.0,0.0020612478256225586,0.0020692525431513786,0.0010306239128112793,0.0010346262715756893
orn,DA2,28,155,1373,1729,1860,500,0.0,0.0020603537559509277,0.002062058076262474,0.0010301768779754639,0.001031029038131237
orn,DA2,28,155,1373,1729,1860,1000,0.0,0.002058863639831543,0.00205642799846828,0.0010294318199157715,0.00102821399923414
orn,DA3,14,42,297,365,392,50,0.0,0.0007432699203491211,0.0007561731617897749,0.00037163496017456055,0.00037808658089488745
orn,DA3,14,42,297,365,392,100,0.0,0.0007447004318237305,0.0007583314436487854,0.00037235021591186523,0.0003791657218243927
orn,DA3,14,42,297,365,392,250,0.0,0.0007453560829162598,0.0007518556085415184,0.0003726780414581299,0.0003759278042707592
orn,DA3,14,42,297,365,392,500,0.0,0.000744938850402832,0.0007473360165022314,0.000372469425201416,0.0003736680082511157
orn,DA3,14,42,297,365,392,1000,0.0,0.0007451772689819336,0.0007466064998880029,0.0003725886344909668,0.00037330324994400144
orn,DA4l,27,32,443,220,249,50,0.0,0.0007433891296386719,0.0007583689875900745,0.00037169456481933594,0.00037918449379503727
orn,DA4l,27,32,443,220,249,100,0.0,0.0007447004318237305,0.0007584536215290427,0.00037235021591186523,0.00037922681076452136
orn,DA4l,27,32,443,220,249,250,0.0,0.0007409453392028809,0.0007363543263636529,0.00037047266960144043,0.00036817716318182647
orn,DA4l,27,32,443,220,249,500,0.0,0.0007407665252685547,0.000737609516363591,0.00037038326263427734,0.0003688047581817955
orn,DA4l,27,32,443,220,249,1000,0.0,0.0007382035255432129,0.0007322719902731478,0.00036910176277160645,0.0003661359951365739
orn,DA4m,60,132,1897,2179,2289,50,0.0,0.007865548133850098,0.007743882015347481,0.003932774066925049,0.0038719410076737404
orn,DA4m,60,132,1897,2179,2289,100,0.0,0.007853031158447266,0.007746085990220308,0.003926515579223633,0.003873042995110154
orn,DA4m,60,132,1897,2179,2289,250,0.0,0.007823288440704346,0.0077015734277665615,0.003911644220352173,0.0038507867138832808
orn,DA4m,60,132,1897,2179,2289,500,0.0,0.00779801607131958,0.007673037704080343,0.00389900803565979,0.0038365188520401716
orn,DA4m,60,132,1897,2179,2289,1000,0.0,0.0077474117279052734,0.00758404703810811,0.0038737058639526367,0.003792023519054055
orn,DC1,48,183,2509,1884,1947,50,0.0,0.01790010929107666,0.017905378714203835,0.00895005464553833,0.008952689357101917
orn,DC1,48,183,2509,1884,1947,100,0.0,0.017879068851470947,0.01781042292714119,0.008939534425735474,0.008905211463570595
orn,DC1,48,183,2509,1884,1947,250,0.0,0.01788121461868286,0.01786261796951294,0.00894060730934143,0.00893130898475647
orn,DC1,48,183,2509,1884,1947,500,0.0,0.017907798290252686,0.01796538010239601,0.008953899145126343,0.008982690051198006
orn,DC1,48,183,2509,1884,1947,1000,0.0,0.017910897731781006,0.017952648922801018,0.008955448865890503,0.008976324461400509
orn,DC2,23,165,2009,1073,1184,50,0.0,0.011302053928375244,0.011334706097841263,0.005651026964187622,0.005667353048920631
orn,DC2,23,165,2009,1073,1184,100,0.0,0.011310994625091553,0.011366202495992184,0.005655497312545776,0.005683101247996092
orn,DC2,23,165,2009,1073,1184,250,0.0,0.011287689208984375,0.011245334520936012,0.0056438446044921875,0.005622667260468006
orn,DC2,23,165,2009,1073,1184,500,0.0,0.011264145374298096,0.011185424402356148,0.005632072687149048,0.005592712201178074
orn,DC2,23,165,2009,1073,1184,1000,0.0,0.01124507188796997,0.0111681018024683,0.005622535943984985,0.00558405090123415
orn,DC3,56,385,5006,1427,1798,50,0.0,0.015165448188781738,0.015189135447144508,0.007582724094390869,0.007594567723572254
orn,DC3,56,385,5006,1427,1798,100,0.0,0.015168309211730957,0.015192086808383465,0.0075841546058654785,0.007596043404191732
orn,DC3,56,385,5006,1427,1798,250,0.0,0.015154719352722168,0.015129891224205494,0.007577359676361084,0.007564945612102747
orn,DC3,56,385,5006,1427,1798,500,0.0,0.015119969844818115,0.015026223845779896,0.007559984922409058,0.007513111922889948
orn,DC3,56,385,5006,1427,1798,1000,0.0,0.015097618103027344,0.015009601600468159,0.007548809051513672,0.007504800800234079
orn,DC4,30,313,4687,2337,2382,50,0.0,0.02155667543411255,0.021832885220646858,0.010778337717056274,0.010916442610323429
orn,DC4,30,313,4687,2337,2382,100,0.0,0.021585166454315186,0.021841473877429962,0.010792583227157593,0.010920736938714981
orn,DC4,30,313,4687,2337,2382,250,0.0,0.0215720534324646,0.021623022854328156,0.0107860267162323,0.010811511427164078
orn,DC4,30,313,4687,2337,2382,500,0.0020000000000000018,0.021548748016357422,0.02152194455265999,0.011774374008178712,0.011760972276329995
orn,DC4,30,313,4687,2337,2382,1000,0.0,0.021519124507904053,0.02144208550453186,0.010759562253952026,0.01072104275226593
orn,DL1,40,143,1879,827,947,50,0.0,0.006918787956237793,0.006844950839877129,0.0034593939781188965,0.0034224754199385643
orn,DL1,40,143,1879,827,947,100,0.0,0.006900787353515625,0.006797210779041052,0.0034503936767578125,0.003398605389520526
orn,DL1,40,143,1879,827,947,250,0.0,0.006871402263641357,0.00675113033503294,0.0034357011318206787,0.00337556516751647
orn,DL1,40,143,1879,827,947,500,0.0,0.0068492889404296875,0.0067375097423791885,0.0034246444702148438,0.0033687548711895943
orn,DL1,40,143,1879,827,947,1000,0.0,0.0068222880363464355,0.0067130872048437595,0.0034111440181732178,0.0033565436024218798
orn,DL2d,29,336,4532,2895,3073,50,0.0,0.02463209629058838,0.02457926981151104,0.01231604814529419,0.01228963490575552
orn,DL2d,29,336,4532,2895,3073,100,0.0,0.024645328521728516,0.02466147392988205,0.012322664260864258,0.012330736964941025
orn,DL2d,29,336,4532,2895,3073,250,0.0,0.024715721607208252,0.024908360093832016,0.012357860803604126,0.012454180046916008
orn,DL2d,29,336,4532,2895,3073,500,0.0020000000000000018,0.024753987789154053,0.024938907474279404,0.013376993894577027,0.013469453737139703
orn,DL2d,29,336,4532,2895,3073,1000,0.0,0.024725377559661865,0.024751069024205208,0.012362688779830933,0.012375534512102604
orn,DL2v,32,518,7588,3214,3278,50,0.0,0.04620903730392456,0.045913275331258774,0.02310451865196228,0.022956637665629387
orn,DL2v,32,518,7588,3214,3278,100,0.0,0.0462031364440918,0.046040620654821396,0.0231015682220459,0.023020310327410698
orn,DL2v,32,518,7588,3214,3278,250,0.0,0.046080946922302246,0.04569393768906593,0.023040473461151123,0.022846968844532967
orn,DL2v,32,518,7588,3214,3278,500,0.0,0.04597407579421997,0.0455225333571434,0.022987037897109985,0.0227612666785717
orn,DL2v,32,518,7588,3214,3278,1000,0.0030000000000000027,0.04589623212814331,0.04552401229739189,0.024448116064071657,0.024262006148695947
orn,DL3,25,105,935,257,362,50,0.0,0.00041490793228149414,0.0004222619463689625,0.00020745396614074707,0.00021113097318448126
orn,DL3,25,105,935,257,362,100,0.0,0.00041478872299194336,0.0004192900669295341,0.00020739436149597168,0.00020964503346476704
orn,DL3,25,105,935,257,362,250,0.0,0.00041431188583374023,0.00041460132342763245,0.00020715594291687012,0.00020730066171381623
orn,DL3,25,105,935,257,362,500,0.0,0.0004140138626098633,0.00041342328768223524,0.00020700693130493164,0.00020671164384111762
orn,DL3,25,105,935,257,362,1000,0.0,0.0004138350486755371,0.0004131741588935256,0.00020691752433776855,0.0002065870794467628
orn,DL4,37,57,658,159,211,50,0.0,0.0011894702911376953,0.00118762138299644,0.0005947351455688477,0.00059381069149822
orn,DL4,37,57,658,159,211,100,0.0,0.0011867284774780273,0.001176114659756422,0.0005933642387390137,0.000588057329878211
orn,DL4,37,57,658,159,211,250,0.0,0.0011851787567138672,0.0011766721727326512,0.0005925893783569336,0.0005883360863663256
orn,DL4,37,57,658,159,211,500,0.0,0.0011817216873168945,0.0011688689701259136,0.0005908608436584473,0.0005844344850629568
orn,DL4,37,57,658,159,211,1000,0.0,0.0011769533157348633,0.001161143067292869,0.0005884766578674316,0.0005805715336464345
orn,DL5,37,128,1853,1505,1586,50,0.0,0.009852051734924316,0.00973981712013483,0.004926025867462158,0.004869908560067415
orn,DL5,37,128,1853,1505,1586,100,0.0,0.009843885898590088,0.009751535020768642,0.004921942949295044,0.004875767510384321
orn,DL5,37,128,1853,1505,1586,250,0.0,0.009821295738220215,0.009720416739583015,0.004910647869110107,0.004860208369791508
orn,DL5,37,128,1853,1505,1586,500,0.0,0.00979459285736084,0.009678308852016926,0.00489729642868042,0.004839154426008463
orn,DL5,37,128,1853,1505,1586,1000,0.0010000000000000009,0.009738445281982422,0.009568902663886547,0.005369222640991211,0.005284451331943274
orn,DM1,89,513,7885,2369,2447,50,0.0,0.0746496319770813,0.07406532019376755,0.03732481598854065,0.037032660096883774
orn,DM1,89,513,7885,2369,2447,100,0.0,0.07463878393173218,0.07427143305540085,0.03731939196586609,0.037135716527700424
orn,DM1,89,513,7885,2369,2447,250,0.0040000000000000036,0.07478153705596924,0.07500673085451126,0.03939076852798462,0.03950336542725563
orn,DM1,89,513,7885,2369,2447,500,0.006000000000000005,0.07503461837768555,0.07578173279762268,0.040517309188842776,0.04089086639881134
orn,DM1,89,513,7885,2369,2447,1000,0.010000000000000009,0.07565617561340332,0.07731128484010696,0.042828087806701665,0.043655642420053486
orn,DM2,58,281,3970,1033,1148,50,0.020000000000000018,0.00957423448562622,0.00971926935017109,0.01478711724281312,0.014859634675085553
orn,DM2,58,281,3970,1033,1148,100,0.0,0.009604334831237793,0.009753032587468624,0.0048021674156188965,0.004876516293734312
orn,DM2,58,281,3970,1033,1148,250,0.0,0.00961393117904663,0.009702895767986774,0.004806965589523315,0.004851447883993387
orn,DM2,58,281,3970,1033,1148,500,0.0,0.009665966033935547,0.009840999729931355,0.0048329830169677734,0.004920499864965677
orn,DM2,58,281,3970,1033,1148,1000,0.0020000000000000018,0.009732186794281006,0.009956082329154015,0.005866093397140504,0.005978041164577008
orn,DM3,41,58,885,157,214,50,0.0,0.002349555492401123,0.0023195696994662285,0.0011747777462005615,0.0011597848497331142
orn,DM3,41,58,885,157,214,100,0.0,0.002347111701965332,0.0023253136314451694,0.001173555850982666,0.0011626568157225847
orn,DM3,41,58,885,157,214,250,0.0,0.0023409128189086914,0.002311394549906254,0.0011704564094543457,0.001155697274953127
orn,DM3,41,58,885,157,214,500,0.0,0.0023366212844848633,0.0023125247098505497,0.0011683106422424316,0.0011562623549252748
orn,DM3,41,58,885,157,214,1000,0.0010000000000000009,0.002336740493774414,0.002324738074094057,0.0016683702468872075,0.001662369037047029
orn,DM4,60,315,4960,1792,1950,50,0.0,0.040264666080474854,0.04016941040754318,0.020132333040237427,0.02008470520377159
orn,DM4,60,315,4960,1792,1950,100,0.0,0.040304601192474365,0.040355075150728226,0.020152300596237183,0.020177537575364113
orn,DM4,60,315,4960,1792,1950,250,0.0,0.04033392667770386,0.040435098111629486,0.02016696333885193,0.020217549055814743
orn,DM4,60,315,4960,1792,1950,500,0.0040000000000000036,0.04038369655609131,0.04056120663881302,0.022191848278045656,0.02228060331940651
orn,DM4,60,315,4960,1792,1950,1000,0.0050000000000000044,0.04060637950897217,0.041151389479637146,0.022803189754486086,0.023075694739818575
orn,DM5,59,261,2968,1076,1303,50,0.0,0.0046730637550354,0.004724996164441109,0.0023365318775177,0.0023624980822205544
orn,DM5,59,261,2968,1076,1303,100,0.0,0.004675626754760742,0.004715024959295988,0.002337813377380371,0.002357512479647994
orn,DM5,59,261,2968,1076,1303,250,0.0,0.00468212366104126,0.0047110156156122684,0.00234106183052063,0.0023555078078061342
orn,DM5,59,261,2968,1076,1303,500,0.0020000000000000018,0.004686117172241211,0.0047102258540689945,0.0033430585861206064,0.003355112927034498
orn,DM5,59,261,2968,1076,1303,1000,0.0,0.004706919193267822,0.004760579206049442,0.002353459596633911,0.002380289603024721
orn,DM6,53,289,3536,1403,1596,50,0.020000000000000018,0.0050620436668396,0.005072599742561579,0.012531021833419809,0.012536299871280798
orn,DM6,53,289,3536,1403,1596,100,0.0,0.005056262016296387,0.005040623713284731,0.0025281310081481934,0.0025203118566423655
orn,DM6,53,289,3536,1403,1596,250,0.0,0.00504833459854126,0.005025407765060663,0.00252416729927063,0.0025127038825303316
orn,DM6,53,289,3536,1403,1596,500,0.0,0.005045473575592041,0.005026352591812611,0.0025227367877960205,0.0025131762959063053
orn,DM6,53,289,3536,1403,1596,1000,0.0010000000000000009,0.005045115947723389,0.005038855131715536,0.0030225579738616948,0.0030194275658577685
orn,DP1l,48,722,13195,4100,4175,50,0.0,0.20158463716506958,0.20073562860488892,0.10079231858253479,0.10036781430244446
orn,DP1l,48,722,13195,4100,4175,100,0.010000000000000009,0.2017805576324463,0.2019176483154297,0.10589027881622315,0.10595882415771485
orn,DP1l,48,722,13195,4100,4175,250,0.016000000000000014,0.2029934525489807,0.20624423027038574,0.10949672627449036,0.11112211513519288
orn,DP1l,48,722,13195,4100,4175,500,0.02200000000000002,0.20380008220672607,0.20733045041561127,0.11290004110336305,0.11466522520780564
orn,DP1l,48,722,13195,4100,4175,1000,0.013000000000000012,0.20385009050369263,0.20558655261993408,0.10842504525184632,0.10929327630996705
orn,DP1m,13,269,6207,2285,2285,50,0.0,0.11999678611755371,0.11960197240114212,0.059998393058776855,0.05980098620057106
orn,DP1m,13,269,6207,2285,2285,100,0.0,0.12016153335571289,0.12046156078577042,0.060080766677856445,0.06023078039288521
orn,DP1m,13,269,6207,2285,2285,250,0.008000000000000007,0.12118631601333618,0.12401890009641647,0.0645931580066681,0.06600945004820824
orn,DP1m,13,269,6207,2285,2285,500,0.01200000000000001,0.12180614471435547,0.12466337531805038,0.06690307235717774,0.0683316876590252
orn,DP1m,13,269,6207,2285,2285,1000,0.009000000000000008,0.1218181848526001,0.12317562848329544,0.06540909242630005,0.06608781424164772
orn,V,91,869,10673,1130,1521,50,0.020000000000000018,0.06520819664001465,0.06558964401483536,0.04260409832000733,0.04279482200741769
orn,V,91,869,10673,1130,1521,100,0.0,0.06534683704376221,0.06601354479789734,0.032673418521881104,0.03300677239894867
orn,V,91,869,10673,1130,1521,250,0.0040000000000000036,0.06518691778182983,0.06500919908285141,0.03459345889091492,0.03450459954142571
orn,V,91,869,10673,1130,1521,500,0.0040000000000000036,0.06513464450836182,0.06491222232580185,0.03456732225418091,0.034456111162900926
orn,V,91,869,10673,1130,1521,1000,0.0040000000000000036,0.06521540880203247,0.06527180224657059,0.03460770440101624,0.034635901123285295
orn,VA1d,134,787,9207,1821,2526,50,0.0,0.017540037631988525,0.01749267429113388,0.008770018815994263,0.00874633714556694
orn,VA1d,134,787,9207,1821,2526,100,0.0,0.017540454864501953,0.01752013899385929,0.008770227432250977,0.008760069496929646
orn,VA1d,134,787,9207,1821,2526,250,0.0,0.017548561096191406,0.017576145008206367,0.008774280548095703,0.008788072504103184
orn,VA1d,134,787,9207,1821,2526,500,0.0020000000000000018,0.017544984817504883,0.01755426451563835,0.009772492408752442,0.009777132257819177
orn,VA1d,134,787,9207,1821,2526,1000,0.0010000000000000009,0.017498373985290527,0.017410187050700188,0.009249186992645264,0.009205093525350094
orn,VA1v,164,1099,10293,1915,2828,50,0.0,0.019180357456207275,0.01923096738755703,0.009590178728103638,0.009615483693778515
orn,VA1v,164,1099,10293,1915,2828,100,0.0,0.019190311431884766,0.019248923286795616,0.009595155715942383,0.009624461643397808
orn,VA1v,164,1099,10293,1915,2828,250,0.0,0.0192258358001709,0.019351776689291,0.00961291790008545,0.0096758883446455
orn,VA1v,164,1099,10293,1915,2828,500,0.0,0.019228994846343994,0.019302809610962868,0.009614497423171997,0.009651404805481434
orn,VA1v,164,1099,10293,1915,2828,1000,0.0010000000000000009,0.019156455993652344,0.019043093547225,0.010078227996826172,0.0100215467736125
orn,VA2,85,588,8273,3255,3510,50,0.0,0.08359616994857788,0.08344686776399612,0.04179808497428894,0.04172343388199806
orn,VA2,85,588,8273,3255,3510,100,0.0,0.08356553316116333,0.08340849727392197,0.041782766580581665,0.04170424863696098
orn,VA2,85,588,8273,3255,3510,250,0.0040000000000000036,0.08353990316390991,0.08339589089155197,0.04376995158195496,0.04369794544577599
orn,VA2,85,588,8273,3255,3510,500,0.0020000000000000018,0.08360022306442261,0.08366824686527252,0.042800111532211305,0.04283412343263626
orn,VA2,85,588,8273,3255,3510,1000,0.007000000000000006,0.08381527662277222,0.08430926501750946,0.04540763831138611,0.04565463250875473
orn,VA3,63,522,7417,3425,3769,50,0.0,0.03972768783569336,0.039930228143930435,0.01986384391784668,0.019965114071965218
orn,VA3,63,522,7417,3425,3769,100,0.0,0.03972965478897095,0.03985638916492462,0.019864827394485474,0.01992819458246231
orn,VA3,63,522,7417,3425,3769,250,0.0,0.03965115547180176,0.03948690742254257,0.01982557773590088,0.019743453711271286
orn,VA3,63,522,7417,3425,3769,500,0.0,0.03955531120300293,0.03924904391169548,0.019777655601501465,0.01962452195584774
orn,VA3,63,522,7417,3425,3769,1000,0.0020000000000000018,0.039531707763671875,0.03933122381567955,0.02076585388183594,0.020665611907839776
orn,VA4,45,280,3684,2014,2223,50,0.0,0.019327640533447266,0.01934175379574299,0.009663820266723633,0.009670876897871494
orn,VA4,45,280,3684,2014,2223,100,0.0,0.019333183765411377,0.019363118335604668,0.009666591882705688,0.009681559167802334
orn,VA4,45,280,3684,2014,2223,250,0.0,0.019316017627716064,0.019283020868897438,0.009658008813858032,0.009641510434448719
orn,VA4,45,280,3684,2014,2223,500,0.0040000000000000036,0.019319474697113037,0.01931353285908699,0.01165973734855652,0.011656766429543497
orn,VA4,45,280,3684,2014,2223,1000,0.0,0.019328534603118896,0.01933729276061058,0.009664267301559448,0.00966864638030529
orn,VA5,21,200,3267,2440,2608,50,0.0,0.014928698539733887,0.01505060214549303,0.007464349269866943,0.007525301072746515
orn,VA5,21,200,3267,2440,2608,100,0.0,0.014918327331542969,0.014953120611608028,0.007459163665771484,0.007476560305804014
orn,VA5,21,200,3267,2440,2608,250,0.0,0.014882504940032959,0.014799991622567177,0.0074412524700164795,0.007399995811283588
orn,VA5,21,200,3267,2440,2608,500,0.0,0.014843940734863281,0.014711204916238785,0.007421970367431641,0.007355602458119392
orn,VA5,21,200,3267,2440,2608,1000,0.0,0.014818906784057617,0.014701548032462597,0.007409453392028809,0.0073507740162312984
orn,VA6,84,309,3779,2570,2852,50,0.0,0.023734986782073975,0.023790212348103523,0.011867493391036987,0.011895106174051762
orn,VA6,84,309,3779,2570,2852,100,0.0,0.02370274066925049,0.02362852171063423,0.011851370334625244,0.011814260855317116
orn,VA6,84,309,3779,2570,2852,250,0.0,0.02367466688156128,0.023578548803925514,0.01183733344078064,0.011789274401962757
orn,VA6,84,309,3779,2570,2852,500,0.0,0.02364283800125122,0.023510662838816643,0.01182141900062561,0.011755331419408321
orn,VA6,84,309,3779,2570,2852,1000,0.0010000000000000009,0.02359950542449951,0.02345007099211216,0.012299752712249756,0.01222503549605608
orn,VA7l,1,9,104,79,88,50,0.0,0.0006670355796813965,0.0006648528506048024,0.00033351778984069824,0.0003324264253024012
orn,VA7l,1,9,104,79,88,100,0.0,0.0006657838821411133,0.0006606536917388439,0.00033289194107055664,0.00033032684586942196
orn,VA7l,1,9,104,79,88,250,0.0,0.00066375732421875,0.0006563108181580901,0.000331878662109375,0.00032815540907904506
orn,VA7l,1,9,104,79,88,500,0.0,0.0006617307662963867,0.0006533825653605163,0.00033086538314819336,0.00032669128268025815
orn,VA7l,1,9,104,79,88,1000,0.0,0.0006594657897949219,0.0006506514037027955,0.00032973289489746094,0.00032532570185139775
orn,VA7m,41,303,3958,3260,3506,50,0.0,0.018985450267791748,0.019145479425787926,0.009492725133895874,0.009572739712893963
orn,VA7m,41,303,3958,3260,3506,100,0.0,0.018983542919158936,0.01907404325902462,0.009491771459579468,0.00953702162951231
orn,VA7m,41,303,3958,3260,3506,250,0.0,0.018963217735290527,0.01893855631351471,0.009481608867645264,0.009469278156757355
orn,VA7m,41,303,3958,3260,3506,500,0.0020000000000000018,0.018947839736938477,0.01889966055750847,0.01047391986846924,0.010449830278754235
orn,VA7m,41,303,3958,3260,3506,1000,0.0010000000000000009,0.01897108554840088,0.01899450272321701,0.00998554277420044,0.009997251361608506
orn,VC1,34,352,4935,2583,2661,50,0.0,0.04419517517089844,0.04406457766890526,0.02209758758544922,0.02203228883445263
orn,VC1,34,352,4935,2583,2661,100,0.0,0.04413050413131714,0.04384182021021843,0.02206525206565857,0.021920910105109215
orn,VC1,34,352,4935,2583,2661,250,0.0,0.043962836265563965,0.043407145887613297,0.021981418132781982,0.021703572943806648
orn,VC1,34,352,4935,2583,2661,500,0.0,0.043858349323272705,0.0433233417570591,0.021929174661636353,0.02166167087852955
orn,VC1,34,352,4935,2583,2661,1000,0.0010000000000000009,0.04373103380203247,0.043218664824962616,0.022365516901016236,0.02210933241248131
orn,VC2,28,196,2443,826,950,50,0.0,0.01593989133834839,0.01606619916856289,0.007969945669174194,0.008033099584281445
orn,VC2,28,196,2443,826,950,100,0.0,0.015942633152008057,0.016025852411985397,0.007971316576004028,0.008012926205992699
orn,VC2,28,196,2443,826,950,250,0.0,0.015911459922790527,0.015855157747864723,0.007955729961395264,0.007927578873932362
orn,VC2,28,196,2443,826,950,500,0.0020000000000000018,0.015885770320892334,0.015798479318618774,0.008942885160446168,0.008899239659309388
orn,VC2,28,196,2443,826,950,1000,0.0010000000000000009,0.015866100788116455,0.015783892944455147,0.008433050394058228,0.008391946472227574
orn,VC3,42,401,5568,1193,1565,50,0.020000000000000018,0.020108938217163086,0.020214509218931198,0.020054469108581552,0.020107254609465608
orn,VC3,42,401,5568,1193,1565,100,0.0,0.020092546939849854,0.0200953409075737,0.010046273469924927,0.01004767045378685
orn,VC3,42,401,5568,1193,1565,250,0.0,0.020058751106262207,0.019954372197389603,0.010029375553131104,0.009977186098694801
orn,VC3,42,401,5568,1193,1565,500,0.0,0.02002108097076416,0.019882986322045326,0.01001054048538208,0.009941493161022663
orn,VC3,42,401,5568,1193,1565,1000,0.0,0.020003855228424072,0.019900966435670853,0.010001927614212036,0.009950483217835426
orn,VC4,50,425,5471,1148,1508,50,0.0,0.024131298065185547,0.024126101285219193,0.012065649032592773,0.012063050642609596
orn,VC4,50,425,5471,1148,1508,100,0.0,0.024128735065460205,0.02412836067378521,0.012064367532730103,0.012064180336892605
orn,VC4,50,425,5471,1148,1508,250,0.0,0.024075329303741455,0.023929886519908905,0.012037664651870728,0.011964943259954453
orn,VC4,50,425,5471,1148,1508,500,0.0,0.024029076099395752,0.023849962279200554,0.012014538049697876,0.011924981139600277
orn,VC4,50,425,5471,1148,1508,1000,0.0010000000000000009,0.024010062217712402,0.023893184959888458,0.012505031108856202,0.01244659247994423
orn,VC5,29,277,4850,1169,1417,50,0.0,0.023851454257965088,0.02386372536420822,0.011925727128982544,0.01193186268210411
orn,VC5,29,277,4850,1169,1417,100,0.0,0.023837387561798096,0.02379775233566761,0.011918693780899048,0.011898876167833805
orn,VC5,29,277,4850,1169,1417,250,0.0040000000000000036,0.02384006977081299,0.02384425699710846,0.013920034885406496,0.013922128498554232
orn,VC5,29,277,4850,1169,1417,500,0.0,0.02378612756729126,0.023654725402593613,0.01189306378364563,0.011827362701296806
orn,VC5,29,277,4850,1169,1417,1000,0.0010000000000000009,0.02375727891921997,0.023627374321222305,0.012378639459609986,0.012313687160611153
orn,VL1,127,766,7941,1510,2169,50,0.0,0.0324324369430542,0.03214690461754799,0.0162162184715271,0.016073452308773994
orn,VL1,127,766,7941,1510,2169,100,0.0,0.032335102558135986,0.03185674920678139,0.016167551279067993,0.015928374603390694
orn,VL1,127,766,7941,1510,2169,250,0.0,0.032244980335235596,0.031821854412555695,0.016122490167617798,0.015910927206277847
orn,VL1,127,766,7941,1510,2169,500,0.0,0.03217560052871704,0.03178514540195465,0.01608780026435852,0.015892572700977325
orn,VL1,127,766,7941,1510,2169,1000,0.0010000000000000009,0.03208106756210327,0.03168744221329689,0.016540533781051636,0.016343721106648446
orn,VL2a,102,350,3839,1603,1896,50,0.0,0.02070385217666626,0.02069379761815071,0.01035192608833313,0.010346898809075356
orn,VL2a,102,350,3839,1603,1896,100,0.0,0.02069377899169922,0.020652685314416885,0.01034688949584961,0.010326342657208443
orn,VL2a,102,350,3839,1603,1896,250,0.0,0.020724117755889893,0.02080565132200718,0.010362058877944946,0.01040282566100359
orn,VL2a,102,350,3839,1603,1896,500,0.0020000000000000018,0.020731031894683838,0.02078566700220108,0.01136551594734192,0.011392833501100541
orn,VL2a,102,350,3839,1603,1896,1000,0.0040000000000000036,0.020718395709991455,0.020731141790747643,0.01235919785499573,0.012365570895373823
orn,VL2p,49,549,7829,3588,3813,50,0.0,0.0874435305595398,0.08744324743747711,0.0437217652797699,0.043721623718738556
orn,VL2p,49,549,7829,3588,3813,100,0.0,0.08750158548355103,0.0876811295747757,0.04375079274177551,0.04384056478738785
orn,VL2p,49,549,7829,3588,3813,250,0.008000000000000007,0.08800631761550903,0.089478500187397,0.04800315880775452,0.048739250093698505
orn,VL2p,49,549,7829,3588,3813,500,0.0040000000000000036,0.08834207057952881,0.0898665338754654,0.046171035289764406,0.0469332669377327
orn,VL2p,49,549,7829,3588,3813,1000,0.007000000000000006,0.08842200040817261,0.0893009826540947,0.04771100020408631,0.04815049132704735
orn,VM1,39,237,3368,1295,1457,50,0.0,0.014909088611602783,0.014910886064171791,0.007454544305801392,0.0074554430320858955
orn,VM1,39,237,3368,1295,1457,100,0.0,0.0148887038230896,0.014818561263382435,0.0074443519115448,0.007409280631691217
orn,VM1,39,237,3368,1295,1457,250,0.0,0.01486515998840332,0.014778219163417816,0.00743257999420166,0.007389109581708908
orn,VM1,39,237,3368,1295,1457,500,0.0,0.014828741550445557,0.014700694940984249,0.007414370775222778,0.0073503474704921246
orn,VM1,39,237,3368,1295,1457,1000,0.0020000000000000018,0.014774560928344727,0.01460290141403675,0.008387280464172364,0.008301450707018376
orn,VM2,54,282,3581,2032,2307,50,0.0,0.00818181037902832,0.008171278052031994,0.00409090518951416,0.004085639026015997
orn,VM2,54,282,3581,2032,2307,100,0.0,0.008174121379852295,0.008143121376633644,0.0040870606899261475,0.004071560688316822
orn,VM2,54,282,3581,2032,2307,250,0.0,0.008157014846801758,0.008099808357656002,0.004078507423400879,0.004049904178828001
orn,VM2,54,282,3581,2032,2307,500,0.0,0.00813668966293335,0.008060447871685028,0.004068344831466675,0.004030223935842514
orn,VM2,54,282,3581,2032,2307,1000,0.0010000000000000009,0.008136212825775146,0.008099950850009918,0.004568106412887574,0.0045499754250049596
orn,VM3,61,358,4651,1390,1682,50,0.0,0.018912076950073242,0.018795721232891083,0.009456038475036621,0.009397860616445541
orn,VM3,61,358,4651,1390,1682,100,0.0,0.0189017653465271,0.018804632127285004,0.00945088267326355,0.009402316063642502
orn,VM3,61,358,4651,1390,1682,250,0.0,0.018852710723876953,0.018679441884160042,0.009426355361938477,0.009339720942080021
orn,VM3,61,358,4651,1390,1682,500,0.0020000000000000018,0.01883023977279663,0.0186910480260849,0.010415119886398316,0.01034552401304245
orn,VM3,61,358,4651,1390,1682,1000,0.0,0.018806755542755127,0.01868867501616478,0.009403377771377563,0.00934433750808239
orn,VM4,61,331,2659,568,873,50,0.0,0.004590749740600586,0.004552855622023344,0.002295374870300293,0.002276427811011672
orn,VM4,61,331,2659,568,873,100,0.0,0.004584670066833496,0.004544088616967201,0.002292335033416748,0.0022720443084836006
orn,VM4,61,331,2659,568,873,250,0.0,0.004579782485961914,0.00454910472035408,0.002289891242980957,0.00227455236017704
orn,VM4,61,331,2659,568,873,500,0.0,0.004569530487060547,0.004529877565801144,0.0022847652435302734,0.002264938782900572
orn,VM4,61,331,2659,568,873,1000,0.0,0.004550576210021973,0.004492028616368771,0.0022752881050109863,0.0022460143081843853
orn,VM5d,84,730,7704,1651,2298,50,0.0,0.020559191703796387,0.020663881674408913,0.010279595851898193,0.010331940837204456
orn,VM5d,84,730,7704,1651,2298,100,0.0,0.02057325839996338,0.02070123516023159,0.01028662919998169,0.010350617580115795
orn,VM5d,84,730,7704,1651,2298,250,0.0,0.020533382892608643,0.02046899124979973,0.010266691446304321,0.010234495624899864
orn,VM5d,84,730,7704,1651,2298,500,0.0020000000000000018,0.020495355129241943,0.02037050388753414,0.011247677564620973,0.011185251943767072
orn,VM5d,84,730,7704,1651,2298,1000,0.0010000000000000009,0.020479798316955566,0.02038387954235077,0.010739899158477784,0.010691939771175385
orn,VM5v,45,436,6008,1988,2197,50,0.0,0.026318907737731934,0.026240654289722443,0.013159453868865967,0.013120327144861221
orn,VM5v,45,436,6008,1988,2197,100,0.0,0.026310086250305176,0.02624785713851452,0.013155043125152588,0.01312392856925726
orn,VM5v,45,436,6008,1988,2197,250,0.0,0.026221275329589844,0.025956906378269196,0.013110637664794922,0.012978453189134598
orn,VM5v,45,436,6008,1988,2197,500,0.0,0.026140689849853516,0.025812014937400818,0.013070344924926758,0.012906007468700409
orn,VM5v,45,436,6008,1988,2197,1000,0.0,0.02604764699935913,0.02569485455751419,0.013023823499679565,0.012847427278757095
orn,VM6,11,99,1366,1021,1084,50,0.0,0.007201254367828369,0.007224001921713352,0.0036006271839141846,0.003612000960856676
orn,VM6,11,99,1366,1021,1084,100,0.0,0.007191836833953857,0.007174632046371698,0.0035959184169769287,0.003587316023185849
orn,VM6,11,99,1366,1021,1084,250,0.0,0.007176756858825684,0.00712855439633131,0.003588378429412842,0.003564277198165655
orn,VM6,11,99,1366,1021,1084,500,0.0,0.007167458534240723,0.007120928261429071,0.0035837292671203613,0.0035604641307145357
orn,VM6,11,99,1366,1021,1084,1000,0.0,0.0071541666984558105,0.007104925345629454,0.0035770833492279053,0.003552462672814727
orn,VM6l,36,121,1378,370,490,50,0.0,0.009394824504852295,0.009432205930352211,0.0046974122524261475,0.0047161029651761055
orn,VM6l,36,121,1378,370,490,100,0.0,0.009371578693389893,0.009313102811574936,0.004685789346694946,0.004656551405787468
orn,VM6l,36,121,1378,370,490,250,0.0,0.00935298204421997,0.009286081418395042,0.004676491022109985,0.004643040709197521
orn,VM6l,36,121,1378,370,490,500,0.0,0.009355247020721436,0.00932967010885477,0.004677623510360718,0.004664835054427385
orn,VM6l,36,121,1378,370,490,1000,0.0020000000000000018,0.009361684322357178,0.009362058714032173,0.00568084216117859,0.0056810293570160875
orn,VM6m,15,48,569,275,316,50,0.0,0.005324304103851318,0.005294077564030886,0.002662152051925659,0.002647038782015443
orn,VM6m,15,48,569,275,316,100,0.0,0.005312085151672363,0.005253175273537636,0.0026560425758361816,0.002626587636768818
orn,VM6m,15,48,569,275,316,250,0.0,0.0052967071533203125,0.00523464847356081,0.0026483535766601562,0.002617324236780405
orn,VM6m,15,48,569,275,316,500,0.0,0.005292832851409912,0.00525175966322422,0.002646416425704956,0.00262587983161211
orn,VM6m,15,48,569,275,316,1000,0.0010000000000000009,0.005283236503601074,0.005244535859674215,0.0031416182518005376,0.003122267929837108
orn,VM6v,31,667,10387,2214,2569,50,0.0,0.042085230350494385,0.0424436554312706,0.021042615175247192,0.0212218277156353
orn,VM6v,31,667,10387,2214,2569,100,0.0,0.04204154014587402,0.042108532041311264,0.02102077007293701,0.021054266020655632
orn,VM6v,31,667,10387,2214,2569,250,0.0040000000000000036,0.04196822643280029,0.041780754923820496,0.022984113216400148,0.02289037746191025
orn,VM6v,31,667,10387,2214,2569,500,0.0020000000000000018,0.04189431667327881,0.04162783920764923,0.021947158336639405,0.021813919603824616
orn,VM6v,31,667,10387,2214,2569,1000,0.0020000000000000018,0.04180717468261719,0.04150131344795227,0.021903587341308595,0.021750656723976136
orn,VM7d,33,333,5705,1358,1487,50,0.0,0.021471261978149414,0.021639090031385422,0.010735630989074707,0.010819545015692711
orn,VM7d,33,333,5705,1358,1487,100,0.0,0.021499216556549072,0.02166699431836605,0.010749608278274536,0.010833497159183025
orn,VM7d,33,333,5705,1358,1487,250,0.0,0.02147918939590454,0.021487409248948097,0.01073959469795227,0.010743704624474049
orn,VM7d,33,333,5705,1358,1487,500,0.0020000000000000018,0.02142709493637085,0.021304626017808914,0.011713547468185426,0.011652313008904458
orn,VM7d,33,333,5705,1358,1487,1000,0.0010000000000000009,0.021352112293243408,0.021140608936548233,0.011176056146621705,0.011070304468274117
orn,VM7v,42,322,4493,764,964,50,0.0,0.00844275951385498,0.00850158091634512,0.00422137975692749,0.00425079045817256
orn,VM7v,42,322,4493,764,964,100,0.0,0.008445918560028076,0.00849039014428854,0.004222959280014038,0.00424519507214427
orn,VM7v,42,322,4493,764,964,250,0.0,0.008433699607849121,0.00841299258172512,0.0042168498039245605,0.00420649629086256
orn,VM7v,42,322,4493,764,964,500,0.0,0.008414685726165771,0.008360471576452255,0.004207342863082886,0.004180235788226128
orn,VM7v,42,322,4493,764,964,1000,0.0,0.008396685123443604,0.008332834579050541,0.004198342561721802,0.0041664172895252705
orn_local,D,29,193,2623,1501,1587,50,0.16000000000000003,0.8823498487472534,0.8870365023612976,0.5211749243736268,0.5235182511806489
orn_local,D,29,193,2623,1501,1587,100,0.18999999999999995,0.8832188844680786,0.8891015648841858,0.5366094422340393,0.5395507824420929
orn_local,D,29,193,2623,1501,1587,250,0.14800000000000002,0.8818650841712952,0.8804364204406738,0.5149325420856476,0.514218210220337
orn_local,D,29,193,2623,1501,1587,500,0.11199999999999999,0.8800137042999268,0.8748849034309387,0.4960068521499634,0.49344245171546935
orn_local,D,29,193,2623,1501,1587,1000,0.08999999999999997,0.8776856064796448,0.8704158663749695,0.48384280323982237,0.4802079331874847
orn_local,DA1,206,1404,10522,2382,3591,50,0.18000000000000005,0.9055455327033997,0.9058409929275513,0.5427727663516999,0.5429204964637757
orn_local,DA1,206,1404,10522,2382,3591,100,0.19999999999999996,0.9058939814567566,0.9075086712837219,0.5529469907283783,0.5537543356418609
orn_local,DA1,206,1404,10522,2382,3591,250,0.08799999999999997,0.9038480520248413,0.8989795446395874,0.49592402601242064,0.4934897723197937
orn_local,DA1,206,1404,10522,2382,3591,500,0.11599999999999999,0.9015583395957947,0.8936340808868408,0.5087791697978974,0.5048170404434205
orn_local,DA1,206,1404,10522,2382,3591,1000,0.10099999999999998,0.8983598947525024,0.8879402279853821,0.4996799473762512,0.49447011399269103
orn_local,DA2,28,155,1373,1729,1860,50,0.18000000000000005,0.9104095101356506,0.9122431874275208,0.5452047550678254,0.5461215937137605
orn_local,DA2,28,155,1373,1729,1860,100,0.27,0.9112199544906616,0.9153921604156494,0.5906099772453308,0.5926960802078247
orn_local,DA2,28,155,1373,1729,1860,250,0.14800000000000002,0.9094319939613342,0.9062150716781616,0.5287159969806672,0.5271075358390809
orn_local,DA2,28,155,1373,1729,1860,500,0.10799999999999998,0.9070786237716675,0.8998377919197083,0.5075393118858338,0.5039188959598542
orn_local,DA2,28,155,1373,1729,1860,1000,0.08199999999999996,0.9040131568908691,0.8942068815231323,0.49300657844543455,0.48810344076156614
orn_local,DA3,14,42,297,365,392,50,0.12,0.762567400932312,0.7703122496604919,0.441283700466156,0.44515612483024597
orn_local,DA3,14,42,297,365,392,100,0.13,0.7640426158905029,0.7738964557647705,0.44702130794525147,0.45194822788238526
orn_local,DA3,14,42,297,365,392,250,0.14,0.763474702835083,0.7656030058860779,0.4517373514175415,0.45280150294303895
orn_local,DA3,14,42,297,365,392,500,0.11599999999999999,0.7620896697044373,0.7598345875740051,0.4390448348522186,0.43791729378700256
orn_local,DA3,14,42,297,365,392,1000,0.08799999999999997,0.7606561779975891,0.7565839886665344,0.42432808899879454,0.4222919943332672
orn_local,DA4l,27,32,443,220,249,50,0.07999999999999996,0.6646162271499634,0.6716311573982239,0.37230811357498167,0.3758155786991119
orn_local,DA4l,27,32,443,220,249,100,0.10999999999999999,0.6655517816543579,0.6733284592628479,0.38777589082717895,0.39166422963142394
orn_local,DA4l,27,32,443,220,249,250,0.11199999999999999,0.6649525165557861,0.6660889983177185,0.38847625827789306,0.38904449915885925
orn_local,DA4l,27,32,443,220,249,500,0.10399999999999998,0.6640322208404541,0.6623528599739075,0.38401611042022704,0.3831764299869537
orn_local,DA4l,27,32,443,220,249,1000,0.08299999999999996,0.6631349325180054,0.6604251861572266,0.37306746625900267,0.37171259307861326
orn_local,DA4m,60,132,1897,2179,2289,50,0.18000000000000005,0.9147670269012451,0.9135717749595642,0.5473835134506226,0.5467858874797822
orn_local,DA4m,60,132,1897,2179,2289,100,0.26,0.9151633977890015,0.9162752032279968,0.5875816988945007,0.5881376016139984
orn_local,DA4m,60,132,1897,2179,2289,250,0.11599999999999999,0.9130540490150452,0.9077544212341309,0.5145270245075226,0.5118772106170655
orn_local,DA4m,60,132,1897,2179,2289,500,0.118,0.9105179905891418,0.9017671942710876,0.5142589952945709,0.5098835971355438
orn_local,DA4m,60,132,1897,2179,2289,1000,0.09699999999999998,0.9071620106697083,0.8960261344909668,0.5020810053348541,0.4965130672454834
orn_local,DC1,48,183,2509,1884,1947,50,0.18000000000000005,0.9097314476966858,0.9115630984306335,0.544865723848343,0.5457815492153169
orn_local,DC1,48,183,2509,1884,1947,100,0.21999999999999997,0.9101784229278564,0.913004994392395,0.5650892114639282,0.5665024971961975
orn_local,DC1,48,183,2509,1884,1947,250,0.14,0.9084088206291199,0.9047084450721741,0.52420441031456,0.5223542225360871
orn_local,DC1,48,183,2509,1884,1947,500,0.11199999999999999,0.9063067436218262,0.8994451761245728,0.5091533718109131,0.5057225880622864
orn_local,DC1,48,183,2509,1884,1947,1000,0.08499999999999996,0.9036130309104919,0.894758939743042,0.49430651545524595,0.489879469871521
orn_local,DC2,23,165,2009,1073,1184,50,0.16000000000000003,0.8771398067474365,0.8790456652641296,0.5185699033737183,0.5195228326320649
orn_local,DC2,23,165,2009,1073,1184,100,0.19999999999999996,0.8782050609588623,0.8832859992980957,0.5391025304794311,0.5416429996490478
orn_local,DC2,23,165,2009,1073,1184,250,0.09199999999999997,0.8765856027603149,0.8741481304168701,0.48429280138015746,0.48307406520843504
orn_local,DC2,23,165,2009,1073,1184,500,0.07799999999999996,0.8743258118629456,0.8676867485046387,0.47616290593147276,0.4728433742523193
orn_local,DC2,23,165,2009,1073,1184,1000,0.05900000000000005,0.8713357448577881,0.8619745969772339,0.46516787242889407,0.46048729848861697
orn_local,DC3,56,385,5006,1427,1798,50,0.18000000000000005,0.9024467468261719,0.9045464396476746,0.541223373413086,0.5422732198238374
orn_local,DC3,56,385,5006,1427,1798,100,0.19999999999999996,0.9029329419136047,0.9060845375061035,0.5514664709568023,0.5530422687530517
orn_local,DC3,56,385,5006,1427,1798,250,0.14400000000000002,0.9011476039886475,0.8975203633308411,0.5225738019943238,0.5207601816654206
orn_local,DC3,56,385,5006,1427,1798,500,0.09999999999999998,0.8989207744598389,0.8917902708053589,0.4994603872299194,0.49589513540267943
orn_local,DC3,56,385,5006,1427,1798,1000,0.08099999999999996,0.8961052894592285,0.8868640065193176,0.48855264472961424,0.4839320032596588
orn_local,DC4,30,313,4687,2337,2382,50,0.18000000000000005,0.9177981019020081,0.9204110503196716,0.5488990509510041,0.5502055251598359
orn_local,DC4,30,313,4687,2337,2382,100,0.29000000000000004,0.9185737371444702,0.9230353832244873,0.6042868685722351,0.6065176916122437
orn_local,DC4,30,313,4687,2337,2382,250,0.17200000000000004,0.9170131683349609,0.914435863494873,0.5445065841674805,0.5432179317474366
orn_local,DC4,30,313,4687,2337,2382,500,0.14,0.9149912595748901,0.908926248550415,0.5274956297874451,0.5244631242752076
orn_local,DC4,30,313,4687,2337,2382,1000,0.10699999999999998,0.9125578999519348,0.9045758247375488,0.5097789499759674,0.5057879123687744
orn_local,DL1,40,143,1879,827,947,50,0.19999999999999996,0.8260316252708435,0.8182568550109863,0.5130158126354217,0.5091284275054931
orn_local,DL1,40,143,1879,827,947,100,0.31000000000000005,0.826636016368866,0.8244532942771912,0.568318008184433,0.5672266471385956
orn_local,DL1,40,143,1879,827,947,250,0.30400000000000005,0.823927104473114,0.8159768581390381,0.563963552236557,0.5599884290695191
orn_local,DL1,40,143,1879,827,947,500,0.28600000000000003,0.820747971534729,0.8091198205947876,0.5533739857673645,0.5475599102973938
orn_local,DL1,40,143,1879,827,947,1000,0.26,0.8155795931816101,0.7994060516357422,0.5377897965908051,0.5297030258178711
orn_local,DL2d,29,336,4532,2895,3073,50,0.18000000000000005,0.9360426664352417,0.9346715807914734,0.5580213332176209,0.5573357903957368
orn_local,DL2d,29,336,4532,2895,3073,100,0.18999999999999995,0.9363151788711548,0.9367165565490723,0.5631575894355774,0.5633582782745361
orn_local,DL2d,29,336,4532,2895,3073,250,0.20399999999999996,0.9357223510742188,0.9342490434646606,0.5698611755371094,0.5691245217323303
orn_local,DL2d,29,336,4532,2895,3073,500,0.22199999999999998,0.9344940185546875,0.9307774901390076,0.5782470092773437,0.5763887450695038
orn_local,DL2d,29,336,4532,2895,3073,1000,0.18500000000000005,0.9319377541542053,0.9248290061950684,0.5584688770771027,0.5549145030975342
orn_local,DL2v,32,518,7588,3214,3278,50,0.18000000000000005,0.9220638275146484,0.9203460812568665,0.5510319137573243,0.5501730406284333
orn_local,DL2v,32,518,7588,3214,3278,100,0.22999999999999998,0.9224947094917297,0.9233331084251404,0.5762473547458649,0.5766665542125702
orn_local,DL2v,32,518,7588,3214,3278,250,0.15200000000000002,0.9204853773117065,0.9154349565505981,0.5362426886558533,0.5337174782752991
orn_local,DL2v,32,518,7588,3214,3278,500,0.15800000000000003,0.9180750250816345,0.9097479581832886,0.5380375125408172,0.5338739790916442
orn_local,DL2v,32,518,7588,3214,3278,1000,0.14400000000000002,0.9148630499839783,0.9042534232139587,0.5294315249919892,0.5241267116069794
orn_local,DL3,25,105,935,257,362,50,0.07999999999999996,0.4463263154029846,0.45737895369529724,0.2631631577014923,0.2686894768476486
orn_local,DL3,25,105,935,257,362,100,0.12,0.4468994140625,0.45546194911003113,0.28344970703125,0.28773097455501556
orn_local,DL3,25,105,935,257,362,250,0.09199999999999997,0.4470821022987366,0.450713187456131,0.26954105114936827,0.2713565937280655
orn_local,DL3,25,105,935,257,362,500,0.09599999999999997,0.44705867767333984,0.44891276955604553,0.2715293388366699,0.27245638477802275
orn_local,DL3,25,105,935,257,362,1000,0.08499999999999996,0.44821441173553467,0.45138269662857056,0.2666072058677673,0.26819134831428526
orn_local,DL4,37,57,658,159,211,50,0.12,0.5760895013809204,0.5679433941841125,0.3480447506904602,0.34397169709205627
orn_local,DL4,37,57,658,159,211,100,0.09999999999999998,0.5758822560310364,0.5705240368843079,0.3379411280155182,0.3352620184421539
orn_local,DL4,37,57,658,159,211,250,0.09599999999999997,0.573392391204834,0.5647837519645691,0.334696195602417,0.33039187598228453
orn_local,DL4,37,57,658,159,211,500,0.134,0.5708825588226318,0.5605098009109497,0.3524412794113159,0.34725490045547486
orn_local,DL4,37,57,658,159,211,1000,0.11599999999999999,0.566635012626648,0.5529604554176331,0.34131750631332397,0.3344802277088165
orn_local,DL5,37,128,1853,1505,1586,50,0.16000000000000003,0.8973222374916077,0.8952472805976868,0.5286611187458039,0.5276236402988435
orn_local,DL5,37,128,1853,1505,1586,100,0.19999999999999996,0.8977707624435425,0.8983661532402039,0.5488853812217712,0.5491830766201019
orn_local,DL5,37,128,1853,1505,1586,250,0.10399999999999998,0.8959274291992188,0.891116201877594,0.49996371459960937,0.497558100938797
orn_local,DL5,37,128,1853,1505,1586,500,0.11599999999999999,0.8937926888465881,0.8863241076469421,0.5048963444232941,0.5011620538234711
orn_local,DL5,37,128,1853,1505,1586,1000,0.11399999999999999,0.8908836245536804,0.8812659382820129,0.5024418122768401,0.49763296914100646
orn_local,DM1,89,513,7885,2369,2447,50,0.18000000000000005,0.9218356013298035,0.9213415384292603,0.5509178006649018,0.5506707692146302
orn_local,DM1,89,513,7885,2369,2447,100,0.24,0.9224181175231934,0.9244112968444824,0.5812090587615967,0.5822056484222412
orn_local,DM1,89,513,7885,2369,2447,250,0.136,0.9208420515060425,0.91733318567276,0.5284210257530213,0.5266665928363801
orn_local,DM1,89,513,7885,2369,2447,500,0.14600000000000002,0.9190024137496948,0.9128657579421997,0.5325012068748474,0.5294328789710998
orn_local,DM1,89,513,7885,2369,2447,1000,0.14300000000000002,0.9167338609695435,0.9091159105300903,0.5298669304847717,0.5260579552650452
orn_local,DM2,58,281,3970,1033,1148,50,0.16000000000000003,0.8712148070335388,0.8736659288406372,0.5156074035167695,0.5168329644203187
orn_local,DM2,58,281,3970,1033,1148,100,0.17000000000000004,0.8720832467079163,0.8766801953315735,0.5210416233539581,0.5233400976657867
orn_local,DM2,58,281,3970,1033,1148,250,0.08799999999999997,0.8704776167869568,0.8679227828979492,0.4792388083934784,0.4779613914489746
orn_local,DM2,58,281,3970,1033,1148,500,0.07199999999999995,0.8684468269348145,0.8623275756835938,0.4702234134674072,0.46716378784179685
orn_local,DM2,58,281,3970,1033,1148,1000,0.05300000000000005,0.8658153414726257,0.8574343919754028,0.4594076707363129,0.45521719598770144
orn_local,DM3,41,58,885,157,214,50,0.06000000000000005,0.598717451095581,0.5992923974990845,0.32935872554779055,0.32964619874954226
orn_local,DM3,41,58,885,157,214,100,0.040000000000000036,0.5993510484695435,0.6019258499145508,0.31967552423477175,0.3209629249572754
orn_local,DM3,41,58,885,157,214,250,0.016000000000000014,0.5982842445373535,0.5964111685752869,0.30714212226867676,0.30620558428764344
orn_local,DM3,41,58,885,157,214,500,0.03200000000000003,0.5967422723770142,0.5921223163604736,0.3143711361885071,0.31206115818023683
orn_local,DM3,41,58,885,157,214,1000,0.029000000000000026,0.5944270491600037,0.587433934211731,0.31171352458000184,0.3082169671058655
orn_local,DM4,60,315,4960,1792,1950,50,0.12,0.8897640705108643,0.8907617330551147,0.5048820352554322,0.5053808665275574
orn_local,DM4,60,315,4960,1792,1950,100,0.18999999999999995,0.8905916213989258,0.8942781686782837,0.5402958106994629,0.5421390843391418
orn_local,DM4,60,315,4960,1792,1950,250,0.09599999999999997,0.889093279838562,0.886458158493042,0.492546639919281,0.491229079246521
orn_local,DM4,60,315,4960,1792,1950,500,0.07799999999999996,0.887149453163147,0.8811715245246887,0.48257472658157347,0.47958576226234434
orn_local,DM4,60,315,4960,1792,1950,1000,0.06399999999999995,0.8847448825836182,0.8769039511680603,0.47437244129180905,0.4704519755840301
orn_local,DM5,59,261,2968,1076,1303,50,0.12,0.837247371673584,0.8422685265541077,0.478623685836792,0.48113426327705383
orn_local,DM5,59,261,2968,1076,1303,100,0.15000000000000002,0.8381500244140625,0.8444657921791077,0.49407501220703126,0.49723289608955384
orn_local,DM5,59,261,2968,1076,1303,250,0.16000000000000003,0.8369802832603455,0.8361390233039856,0.49849014163017275,0.4980695116519928
orn_local,DM5,59,261,2968,1076,1303,500,0.13,0.8353313207626343,0.8309874534606934,0.48266566038131714,0.4804937267303467
orn_local,DM5,59,261,2968,1076,1303,1000,0.10199999999999998,0.8335728049278259,0.8278211951255798,0.46778640246391295,0.4649105975627899
orn_local,DM6,53,289,3536,1403,1596,50,0.16000000000000003,0.8743364214897156,0.8764793872833252,0.5171682107448579,0.5182396936416627
orn_local,DM6,53,289,3536,1403,1596,100,0.16000000000000003,0.8746874332427979,0.8774296641349792,0.517343716621399,0.5187148320674897
orn_local,DM6,53,289,3536,1403,1596,250,0.12,0.8727970719337463,0.868727445602417,0.49639853596687317,0.4943637228012085
orn_local,DM6,53,289,3536,1403,1596,500,0.09399999999999997,0.8706230521202087,0.8634169697761536,0.48231152606010436,0.47870848488807677
orn_local,DM6,53,289,3536,1403,1596,1000,0.07099999999999995,0.8680844306945801,0.8593419194221497,0.46954221534729,0.4651709597110748
orn_local,DP1l,48,722,13195,4100,4175,50,0.18000000000000005,0.9439171552658081,0.9430224895477295,0.5619585776329041,0.5615112447738648
orn_local,DP1l,48,722,13195,4100,4175,100,0.20999999999999996,0.9442713260650635,0.945173978805542,0.5771356630325317,0.577586989402771
orn_local,DP1l,48,722,13195,4100,4175,250,0.272,0.944139301776886,0.9440423250198364,0.608069650888443,0.6080211625099182
orn_local,DP1l,48,722,13195,4100,4175,500,0.28800000000000003,0.9433304667472839,0.9413264393806458,0.615665233373642,0.6146632196903229
orn_local,DP1l,48,722,13195,4100,4175,1000,0.237,0.9410998821258545,0.9354444742202759,0.5890499410629273,0.586222237110138
orn_local,DP1m,13,269,6207,2285,2285,50,0.16000000000000003,0.9233876466751099,0.9234031438827515,0.541693823337555,0.5417015719413758
orn_local,DP1m,13,269,6207,2285,2285,100,0.15000000000000002,0.9240285754203796,0.9264411926269531,0.5370142877101898,0.5382205963134765
orn_local,DP1m,13,269,6207,2285,2285,250,0.21599999999999997,0.9242555499076843,0.9257065653800964,0.5701277749538421,0.5708532826900482
orn_local,DP1m,13,269,6207,2285,2285,500,0.20999999999999996,0.923480212688446,0.9222924113273621,0.566740106344223,0.566146205663681
orn_local,DP1m,13,269,6207,2285,2285,1000,0.17000000000000004,0.9211733937263489,0.915756344795227,0.5455866968631744,0.5428781723976135
orn_local,V,91,869,10673,1130,1521,50,0.12,0.8165627717971802,0.8169355988502502,0.4682813858985901,0.4684677994251251
orn_local,V,91,869,10673,1130,1521,100,0.13,0.8178291320800781,0.8226926326751709,0.47391456604003906,0.47634631633758545
orn_local,V,91,869,10673,1130,1521,250,0.06000000000000005,0.8160415887832642,0.8130630850791931,0.4380207943916321,0.4365315425395966
orn_local,V,91,869,10673,1130,1521,500,0.06999999999999995,0.8138619065284729,0.8070888519287109,0.4419309532642364,0.43854442596435544
orn_local,V,91,869,10673,1130,1521,1000,0.06899999999999995,0.8109203577041626,0.8016163110733032,0.4399601788520813,0.4353081555366516
orn_local,VA1d,134,787,9207,1821,2526,50,0.18000000000000005,0.8864781856536865,0.8897789120674133,0.5332390928268433,0.5348894560337067
orn_local,VA1d,134,787,9207,1821,2526,100,0.17000000000000004,0.8871247172355652,0.8915048241615295,0.5285623586177826,0.5307524120807647
orn_local,VA1d,134,787,9207,1821,2526,250,0.15200000000000002,0.8856242895126343,0.8832542896270752,0.5188121447563172,0.5176271448135377
orn_local,VA1d,134,787,9207,1821,2526,500,0.11199999999999999,0.8836313486099243,0.8777052164077759,0.49781567430496215,0.49485260820388793
orn_local,VA1d,134,787,9207,1821,2526,1000,0.08199999999999996,0.8810217976570129,0.8727813363075256,0.48151089882850645,0.4773906681537628
orn_local,VA1v,164,1099,10293,1915,2828,50,0.16000000000000003,0.8772302269935608,0.8818285465240479,0.5186151134967805,0.520914273262024
orn_local,VA1v,164,1099,10293,1915,2828,100,0.18999999999999995,0.8782732486724854,0.8847601413726807,0.5341366243362426,0.5373800706863403
orn_local,VA1v,164,1099,10293,1915,2828,250,0.15600000000000003,0.8771117925643921,0.8764781355857849,0.5165558962821961,0.5162390677928925
orn_local,VA1v,164,1099,10293,1915,2828,500,0.118,0.8752748966217041,0.8705754280090332,0.49663744831085205,0.4942877140045166
orn_local,VA1v,164,1099,10293,1915,2828,1000,0.08099999999999996,0.8727845549583435,0.8653830885887146,0.47689227747917173,0.4731915442943573
orn_local,VA2,85,588,8273,3255,3510,50,0.19999999999999996,0.9343536496162415,0.9345998167991638,0.5671768248081207,0.5672999083995819
orn_local,VA2,85,588,8273,3255,3510,100,0.29000000000000004,0.9346488118171692,0.9361158609390259,0.6123244059085846,0.613057930469513
orn_local,VA2,85,588,8273,3255,3510,250,0.14800000000000002,0.932826042175293,0.9284622669219971,0.5404130210876466,0.5382311334609986
orn_local,VA2,85,588,8273,3255,3510,500,0.126,0.9307927489280701,0.923747181892395,0.528396374464035,0.5248735909461975
orn_local,VA2,85,588,8273,3255,3510,1000,0.118,0.9282484650611877,0.9196228384971619,0.5231242325305938,0.5188114192485809
orn_local,VA3,63,522,7417,3425,3769,50,0.18000000000000005,0.9249807596206665,0.9262250661849976,0.5524903798103333,0.5531125330924989
orn_local,VA3,63,522,7417,3425,3769,100,0.28,0.9255391955375671,0.9284706711769104,0.6027695977687836,0.6042353355884552
orn_local,VA3,63,522,7417,3425,3769,250,0.15600000000000003,0.923770010471344,0.9201411604881287,0.5398850052356721,0.5380705802440644
orn_local,VA3,63,522,7417,3425,3769,500,0.118,0.9214819073677063,0.9141905307769775,0.5197409536838531,0.5160952653884887
orn_local,VA3,63,522,7417,3425,3769,1000,0.09999999999999998,0.9186007976531982,0.9091403484344482,0.5093003988265992,0.5045701742172242
orn_local,VA4,45,280,3684,2014,2223,50,0.19999999999999996,0.9158410429954529,0.9161295294761658,0.5579205214977264,0.5580647647380829
orn_local,VA4,45,280,3684,2014,2223,100,0.25,0.9164208769798279,0.9188540577888489,0.5832104384899139,0.5844270288944244
orn_local,VA4,45,280,3684,2014,2223,250,0.11599999999999999,0.9144977331161499,0.9102717041969299,0.515248866558075,0.513135852098465
orn_local,VA4,45,280,3684,2014,2223,500,0.122,0.9121589064598083,0.9044431447982788,0.5170794532299041,0.5132215723991393
orn_local,VA4,45,280,3684,2014,2223,1000,0.10199999999999998,0.9089246988296509,0.8985375165939331,0.5054623494148254,0.5002687582969665
orn_local,VA5,21,200,3267,2440,2608,50,0.18000000000000005,0.9181340932846069,0.919959306716919,0.5490670466423035,0.5499796533584596
orn_local,VA5,21,200,3267,2440,2608,100,0.29000000000000004,0.9188710451126099,0.9227674603462219,0.604435522556305,0.606383730173111
orn_local,VA5,21,200,3267,2440,2608,250,0.16400000000000003,0.9170260429382324,0.9135177135467529,0.5405130214691163,0.5387588567733765
orn_local,VA5,21,200,3267,2440,2608,500,0.11199999999999999,0.9146007299423218,0.9070543050765991,0.5133003649711609,0.5095271525382996
orn_local,VA5,21,200,3267,2440,2608,1000,0.08899999999999997,0.911525547504425,0.9015412330627441,0.5002627737522125,0.49527061653137205
orn_local,VA6,84,309,3779,2570,2852,50,0.19999999999999996,0.9331409931182861,0.9340212941169739,0.566570496559143,0.5670106470584869
orn_local,VA6,84,309,3779,2570,2852,100,0.29000000000000004,0.933477520942688,0.9354265332221985,0.611738760471344,0.6127132666110993
orn_local,VA6,84,309,3779,2570,2852,250,0.17200000000000004,0.9315659403800964,0.9271783232688904,0.5517829701900483,0.5495891616344453
orn_local,VA6,84,309,3779,2570,2852,500,0.14,0.9292967319488525,0.9216678738594055,0.5346483659744263,0.5308339369297028
orn_local,VA6,84,309,3779,2570,2852,1000,0.11299999999999999,0.9262457489967346,0.9162890911102295,0.5196228744983673,0.5146445455551147
orn_local,VA7l,1,9,104,79,88,50,0.020000000000000018,0.3892557621002197,0.39114025235176086,0.20462788105010987,0.20557012617588044
orn_local,VA7l,1,9,104,79,88,100,0.020000000000000018,0.38953810930252075,0.39153149724006653,0.20476905465126038,0.20576574862003327
orn_local,VA7l,1,9,104,79,88,250,0.008000000000000007,0.3889240622520447,0.3879994750022888,0.19846203112602234,0.1979997375011444
orn_local,VA7l,1,9,104,79,88,500,0.014000000000000012,0.38796764612197876,0.3852361738681793,0.20098382306098939,0.19961808693408967
orn_local,VA7l,1,9,104,79,88,1000,0.01200000000000001,0.3865864872932434,0.3824569582939148,0.1992932436466217,0.1972284791469574
orn_local,VA7m,41,303,3958,3260,3506,50,0.19999999999999996,0.9388107061386108,0.9383800625801086,0.5694053530693054,0.5691900312900543
orn_local,VA7m,41,303,3958,3260,3506,100,0.31000000000000005,0.9389910101890564,0.9396818280220032,0.6244955050945282,0.6248409140110016
orn_local,VA7m,41,303,3958,3260,3506,250,0.15200000000000002,0.9368708729743958,0.931428074836731,0.5444354364871979,0.5417140374183655
orn_local,VA7m,41,303,3958,3260,3506,500,0.132,0.9345138669013977,0.9261550903320312,0.5332569334506989,0.5290775451660157
orn_local,VA7m,41,303,3958,3260,3506,1000,0.11599999999999999,0.9315444827079773,0.9213942885398865,0.5237722413539887,0.5186971442699433
orn_local,VC1,34,352,4935,2583,2661,50,0.19999999999999996,0.9213624000549316,0.9220007061958313,0.5606812000274658,0.5610003530979156
orn_local,VC1,34,352,4935,2583,2661,100,0.27,0.921754002571106,0.9237487316131592,0.595877001285553,0.5968743658065796
orn_local,VC1,34,352,4935,2583,2661,250,0.14,0.9197052121162415,0.9149399995803833,0.5298526060581208,0.5274699997901917
orn_local,VC1,34,352,4935,2583,2661,500,0.12,0.9173389673233032,0.9092881679534912,0.5186694836616517,0.5146440839767457
orn_local,VC1,34,352,4935,2583,2661,1000,0.09499999999999997,0.9142687320709229,0.9040688276290894,0.5046343660354614,0.49953441381454466
orn_local,VC2,28,196,2443,826,950,50,0.16000000000000003,0.8623009324073792,0.8661448955535889,0.5111504662036896,0.5130724477767945
orn_local,VC2,28,196,2443,826,950,100,0.17000000000000004,0.8633559942245483,0.8694785833358765,0.5166779971122741,0.5197392916679382
orn_local,VC2,28,196,2443,826,950,250,0.128,0.8618613481521606,0.8601359724998474,0.4949306740760803,0.4940679862499237
orn_local,VC2,28,196,2443,826,950,500,0.09399999999999997,0.8598151803016663,0.8540645837783813,0.4769075901508331,0.47403229188919066
orn_local,VC2,28,196,2443,826,950,1000,0.06499999999999995,0.8572282791137695,0.849134624004364,0.46111413955688474,0.457067312002182
orn_local,VC3,42,401,5568,1193,1565,50,0.16000000000000003,0.8523069620132446,0.8563234210014343,0.5061534810066224,0.5081617105007172
orn_local,VC3,42,401,5568,1193,1565,100,0.18000000000000005,0.8532026410102844,0.8588695526123047,0.5166013205051423,0.5194347763061524
orn_local,VC3,42,401,5568,1193,1565,250,0.136,0.8518624305725098,0.8503603339195251,0.4939312152862549,0.4931801669597626
orn_local,VC3,42,401,5568,1193,1565,500,0.10399999999999998,0.849851131439209,0.844315767288208,0.4769255657196045,0.474157883644104
orn_local,VC3,42,401,5568,1193,1565,1000,0.06899999999999995,0.8475149273872375,0.84000164270401,0.45825746369361875,0.454500821352005
orn_local,VC4,50,425,5471,1148,1508,50,0.14,0.8764418363571167,0.8795250058174133,0.5082209181785584,0.5097625029087067
orn_local,VC4,50,425,5471,1148,1508,100,0.17000000000000004,0.8773078322410583,0.882342517375946,0.5236539161205291,0.526171258687973
orn_local,VC4,50,425,5471,1148,1508,250,0.124,0.8759500980377197,0.8741766810417175,0.49997504901885986,0.49908834052085876
orn_local,VC4,50,425,5471,1148,1508,500,0.09399999999999997,0.8741625547409058,0.8690166473388672,0.48408127737045287,0.4815083236694336
orn_local,VC4,50,425,5471,1148,1508,1000,0.07299999999999995,0.8720608949661255,0.8652499914169312,0.4725304474830627,0.46912499570846555
orn_local,VC5,29,277,4850,1169,1417,50,0.18000000000000005,0.896000325679779,0.8969898223876953,0.5380001628398896,0.5384949111938477
orn_local,VC5,29,277,4850,1169,1417,100,0.18000000000000005,0.896426796913147,0.8986631631851196,0.5382133984565736,0.5393315815925599
orn_local,VC5,29,277,4850,1169,1417,250,0.09999999999999998,0.8945571780204773,0.8904237151145935,0.49727858901023864,0.49521185755729674
orn_local,VC5,29,277,4850,1169,1417,500,0.09799999999999998,0.8923026919364929,0.884829580783844,0.49515134596824645,0.491414790391922
orn_local,VC5,29,277,4850,1169,1417,1000,0.08499999999999996,0.8892520070075989,0.879360556602478,0.4871260035037994,0.482180278301239
orn_local,VL1,127,766,7941,1510,2169,50,0.12,0.829990565776825,0.8288314938545227,0.4749952828884125,0.47441574692726135
orn_local,VL1,127,766,7941,1510,2169,100,0.07999999999999996,0.8297212719917297,0.8283882737159729,0.45486063599586485,0.45419413685798643
orn_local,VL1,127,766,7941,1510,2169,250,0.04800000000000004,0.827786386013031,0.8220855593681335,0.4378931930065155,0.4350427796840668
orn_local,VL1,127,766,7941,1510,2169,500,0.062000000000000055,0.8256068229675293,0.8175117373466492,0.4438034114837647,0.4397558686733246
orn_local,VL1,127,766,7941,1510,2169,1000,0.05900000000000005,0.8225940465927124,0.8124623894691467,0.4407970232963562,0.4357311947345734
orn_local,VL2a,102,350,3839,1603,1896,50,0.18000000000000005,0.8918716907501221,0.8952527046203613,0.5359358453750611,0.5376263523101807
orn_local,VL2a,102,350,3839,1603,1896,100,0.18000000000000005,0.8926460146903992,0.897475004196167,0.5363230073451997,0.5387375020980836
orn_local,VL2a,102,350,3839,1603,1896,250,0.15200000000000002,0.8913875222206116,0.8899049162864685,0.5216937611103059,0.5209524581432343
orn_local,VL2a,102,350,3839,1603,1896,500,0.124,0.8896012902259827,0.8846079111099243,0.5068006451129914,0.5043039555549622
orn_local,VL2a,102,350,3839,1603,1896,1000,0.09399999999999997,0.8871731162071228,0.8797773718833923,0.4905865581035614,0.48688868594169615
orn_local,VL2p,49,549,7829,3588,3813,50,0.16000000000000003,0.9399336576461792,0.9404456615447998,0.5499668288230897,0.5502228307724
orn_local,VL2p,49,549,7829,3588,3813,100,0.19999999999999996,0.9403305053710938,0.9421790838241577,0.5701652526855469,0.5710895419120788
orn_local,VL2p,49,549,7829,3588,3813,250,0.20799999999999996,0.9401416182518005,0.9403576850891113,0.5740708091259002,0.5741788425445556
orn_local,VL2p,49,549,7829,3588,3813,500,0.23199999999999998,0.939208447933197,0.9370594620704651,0.5856042239665985,0.5845297310352325
orn_local,VL2p,49,549,7829,3588,3813,1000,0.17500000000000004,0.9370421767234802,0.9314656257629395,0.5560210883617401,0.5532328128814697
orn_local,VM1,39,237,3368,1295,1457,50,0.16000000000000003,0.8961916565895081,0.8969191908836365,0.5280958282947541,0.5284595954418183
orn_local,VM1,39,237,3368,1295,1457,100,0.25,0.8972086906433105,0.9014567732810974,0.5736043453216553,0.5757283866405487
orn_local,VM1,39,237,3368,1295,1457,250,0.12,0.8954610228538513,0.8923909664154053,0.5077305114269257,0.5061954832077027
orn_local,VM1,39,237,3368,1295,1457,500,0.11399999999999999,0.8930582404136658,0.8857636451721191,0.5035291202068328,0.49988182258605957
orn_local,VM1,39,237,3368,1295,1457,1000,0.09099999999999997,0.8896485567092896,0.879116952419281,0.49032427835464476,0.4850584762096405
orn_local,VM2,54,282,3581,2032,2307,50,0.19999999999999996,0.9213491082191467,0.9208319187164307,0.5606745541095733,0.5604159593582153
orn_local,VM2,54,282,3581,2032,2307,100,0.26,0.9219164252281189,0.9239151477813721,0.5909582126140595,0.591957573890686
orn_local,VM2,54,282,3581,2032,2307,250,0.14400000000000002,0.9199346303939819,0.9153603315353394,0.531967315196991,0.5296801657676697
orn_local,VM2,54,282,3581,2032,2307,500,0.16000000000000003,0.9175447821617126,0.9095016121864319,0.5387723910808564,0.534750806093216
orn_local,VM2,54,282,3581,2032,2307,1000,0.14,0.9142395853996277,0.9035637378692627,0.5271197926998139,0.5217818689346314
orn_local,VM3,61,358,4651,1390,1682,50,0.19999999999999996,0.9053178429603577,0.9044587016105652,0.5526589214801788,0.5522293508052826
orn_local,VM3,61,358,4651,1390,1682,100,0.18999999999999995,0.905647873878479,0.906562864780426,0.5478239369392395,0.548281432390213
orn_local,VM3,61,358,4651,1390,1682,250,0.11199999999999999,0.9036158919334412,0.898525059223175,0.5078079459667206,0.5052625296115876
orn_local,VM3,61,358,4651,1390,1682,500,0.122,0.9013289213180542,0.8932911157608032,0.511664460659027,0.5076455578804016
orn_local,VM3,61,358,4651,1390,1682,1000,0.12,0.8982064723968506,0.8878946304321289,0.5091032361984253,0.5039473152160645
orn_local,VM4,61,331,2659,568,873,50,0.16000000000000003,0.8612468242645264,0.8618869185447693,0.5106234121322633,0.5109434592723847
orn_local,VM4,61,331,2659,568,873,100,0.15000000000000002,0.862158477306366,0.865988552570343,0.5060792386531829,0.5079942762851715
orn_local,VM4,61,331,2659,568,873,250,0.06799999999999995,0.8604633808135986,0.8573630452156067,0.4642316904067993,0.4626815226078033
orn_local,VM4,61,331,2659,568,873,500,0.07599999999999996,0.8582720756530762,0.8514517545700073,0.46713603782653806,0.46372587728500364
orn_local,VM4,61,331,2659,568,873,1000,0.06399999999999995,0.8551983833312988,0.8455772995948792,0.4595991916656494,0.45478864979743955
orn_local,VM5d,84,730,7704,1651,2298,50,0.19999999999999996,0.9111319184303284,0.9103755354881287,0.5555659592151642,0.5551877677440643
orn_local,VM5d,84,730,7704,1651,2298,100,0.25,0.911673367023468,0.9134373664855957,0.580836683511734,0.5817186832427979
orn_local,VM5d,84,730,7704,1651,2298,250,0.12,0.9094998836517334,0.9043126106262207,0.5147499418258668,0.5121563053131104
orn_local,VM5d,84,730,7704,1651,2298,500,0.14400000000000002,0.907002866268158,0.898399293422699,0.525501433134079,0.5211996467113496
orn_local,VM5d,84,730,7704,1651,2298,1000,0.123,0.90350341796875,0.8921541571617126,0.513251708984375,0.5075770785808563
orn_local,VM5v,45,436,6008,1988,2197,50,0.16000000000000003,0.9042459726333618,0.9054546356201172,0.532122986316681,0.5327273178100587
orn_local,VM5v,45,436,6008,1988,2197,100,0.28,0.905410885810852,0.9105131030082703,0.592705442905426,0.5952565515041351
orn_local,VM5v,45,436,6008,1988,2197,250,0.136,0.9036592245101929,0.9008471965789795,0.5198296122550965,0.5184235982894898
orn_local,VM5v,45,436,6008,1988,2197,500,0.10799999999999998,0.901268720626831,0.8941145539283752,0.5046343603134156,0.5010572769641877
orn_local,VM5v,45,436,6008,1988,2197,1000,0.08699999999999997,0.8979389071464539,0.8876253366470337,0.4924694535732269,0.48731266832351683
orn_local,VM6,11,99,1366,1021,1084,50,0.14,0.8224524259567261,0.828101396560669,0.48122621297836304,0.4840506982803345
orn_local,VM6,11,99,1366,1021,1084,100,0.15000000000000002,0.8235411047935486,0.8308383822441101,0.4867705523967743,0.49041919112205506
orn_local,VM6,11,99,1366,1021,1084,250,0.128,0.8225141763687134,0.8224554657936096,0.4752570881843567,0.4752277328968048
orn_local,VM6,11,99,1366,1021,1084,500,0.10599999999999998,0.8208194971084595,0.8167350888252258,0.46340974855422973,0.4613675444126129
orn_local,VM6,11,99,1366,1021,1084,1000,0.07499999999999996,0.8187061548233032,0.8123845458030701,0.4468530774116516,0.443692272901535
orn_local,VM6l,36,121,1378,370,490,50,0.07999999999999996,0.7767300009727478,0.7792584896087646,0.4283650004863739,0.4296292448043823
orn_local,VM6l,36,121,1378,370,490,100,0.12,0.7785277962684631,0.7865117788314819,0.44926389813423157,0.45325588941574096
orn_local,VM6l,36,121,1378,370,490,250,0.05600000000000005,0.77753084897995,0.7779240608215332,0.416765424489975,0.4169620304107666
orn_local,VM6l,36,121,1378,370,490,500,0.05400000000000005,0.7757506966590881,0.771636426448822,0.4148753483295441,0.41281821322441103
orn_local,VM6l,36,121,1378,370,490,1000,0.04800000000000004,0.7729802131652832,0.765317976474762,0.4104901065826416,0.406658988237381
orn_local,VM6m,15,48,569,275,316,50,0.07999999999999996,0.7307032346725464,0.7369347214698792,0.4053516173362732,0.40846736073493956
orn_local,VM6m,15,48,569,275,316,100,0.12,0.7323890924453735,0.7420448064804077,0.42619454622268677,0.43102240324020386
orn_local,VM6m,15,48,569,275,316,250,0.07999999999999996,0.7316943407058716,0.7335003614425659,0.40584717035293577,0.40675018072128294
orn_local,VM6m,15,48,569,275,316,500,0.06399999999999995,0.7303445339202881,0.7279860377311707,0.397172266960144,0.3959930188655853
orn_local,VM6m,15,48,569,275,316,1000,0.04400000000000004,0.7284684181213379,0.7234605550765991,0.38623420906066896,0.3837302775382996
orn_local,VM6v,31,667,10387,2214,2569,50,0.16000000000000003,0.8798043727874756,0.883573591709137,0.5199021863937379,0.5217867958545686
orn_local,VM6v,31,667,10387,2214,2569,100,0.18999999999999995,0.8805825710296631,0.8858189582824707,0.5352912855148315,0.5379094791412353
orn_local,VM6v,31,667,10387,2214,2569,250,0.17200000000000004,0.8791121244430542,0.8770373463630676,0.5255560622215272,0.5245186731815339
orn_local,VM6v,31,667,10387,2214,2569,500,0.128,0.8771275877952576,0.8713497519493103,0.5025637938976288,0.49967487597465515
orn_local,VM6v,31,667,10387,2214,2569,1000,0.09499999999999997,0.874591052532196,0.8665698170661926,0.484795526266098,0.4807849085330963
orn_local,VM7d,33,333,5705,1358,1487,50,0.16000000000000003,0.8857698440551758,0.885539710521698,0.522884922027588,0.5227698552608491
orn_local,VM7d,33,333,5705,1358,1487,100,0.18999999999999995,0.8865050077438354,0.8891415596008301,0.5382525038719177,0.539570779800415
orn_local,VM7d,33,333,5705,1358,1487,250,0.10799999999999998,0.8845556378364563,0.8803186416625977,0.49627781891822814,0.4941593208312988
orn_local,VM7d,33,333,5705,1358,1487,500,0.126,0.8821213245391846,0.8741511106491089,0.5040606622695922,0.5000755553245544
orn_local,VM7d,33,333,5705,1358,1487,1000,0.10799999999999998,0.8786031007766724,0.867522120475769,0.4933015503883362,0.4877610602378845
orn_local,VM7v,42,322,4493,764,964,50,0.14,0.8613959550857544,0.8629345893859863,0.5006979775428773,0.5014672946929932
orn_local,VM7v,42,322,4493,764,964,100,0.16000000000000003,0.8623088002204895,0.8667104840278625,0.5111544001102448,0.5133552420139313
orn_local,VM7v,42,322,4493,764,964,250,0.08799999999999997,0.8606426119804382,0.8577850461006165,0.4743213059902191,0.4728925230503082
orn_local,VM7v,42,322,4493,764,964,500,0.07199999999999995,0.8584262132644653,0.8516820073127747,0.46521310663223264,0.4618410036563873
orn_local,VM7v,42,322,4493,764,964,1000,0.05600000000000005,0.8554749488830566,0.8461334705352783,0.45573747444152835,0.4510667352676392
