variant,glomerulus,n_listed,n_seed_excluded,n_effective,N,D_set,D_mag_sum,D_mag_mean,importance_sum,importance_mean
pn,D,82,11,17,50,0.040000000000000036,0.3724730610847473,0.3734544813632965,0.20623653054237367,0.20672724068164827
pn,D,82,11,17,100,0.010000000000000009,0.3712669610977173,0.3673921227455139,0.19063348054885865,0.18869606137275696
pn,D,82,11,17,250,0.020000000000000018,0.370949387550354,0.3688223958015442,0.195474693775177,0.1944111979007721
pn,D,82,11,17,500,0.04600000000000004,0.37146735191345215,0.3717435598373413,0.2087336759567261,0.20887177991867067
pn,D,82,11,17,1000,0.050000000000000044,0.37174850702285767,0.37266838550567627,0.21087425351142886,0.21133419275283816
pn,DA1,133,22,35,50,0.040000000000000036,0.32910311222076416,0.32909202575683594,0.1845515561103821,0.184546012878418
pn,DA1,133,22,35,100,0.030000000000000027,0.3286539912223816,0.3268761932849884,0.1793269956111908,0.17843809664249421
pn,DA1,133,22,35,250,0.020000000000000018,0.3274933099746704,0.3236759603023529,0.17374665498733521,0.17183798015117646
pn,DA1,133,22,35,500,0.03400000000000003,0.32658910751342773,0.3224765658378601,0.18029455375671388,0.17823828291893007
pn,DA1,133,22,35,1000,0.031000000000000028,0.3251596689224243,0.3203246593475342,0.17807983446121217,0.1756623296737671
pn,DA2,92,4,19,50,0.020000000000000018,0.1814555525779724,0.1825069785118103,0.10072777628898621,0.10125348925590516
pn,DA2,92,4,19,100,0.010000000000000009,0.18092972040176392,0.17974333465099335,0.09546486020088196,0.09487166732549668
pn,DA2,92,4,19,250,0.028000000000000025,0.18092554807662964,0.18060292303562164,0.10446277403831483,0.10430146151781083
pn,DA2,92,4,19,500,0.018000000000000016,0.18073534965515137,0.18020740151405334,0.09936767482757569,0.09910370075702668
pn,DA2,92,4,19,1000,0.020000000000000018,0.1807340383529663,0.18046635389328003,0.10036701917648316,0.10023317694664002
pn,DA3,39,8,6,50,0.020000000000000018,0.040818631649017334,0.041986193507909775,0.030409315824508676,0.030993096753954896
pn,DA3,39,8,6,100,0.0,0.040691494941711426,0.04089077562093735,0.020345747470855713,0.020445387810468674
pn,DA3,39,8,6,250,0.01200000000000001,0.040915071964263916,0.041679710149765015,0.026457535982131963,0.026839855074882513
pn,DA3,39,8,6,500,0.006000000000000005,0.040866732597351074,0.04114994779229164,0.02343336629867554,0.023574973896145823
pn,DA3,39,8,6,1000,0.010000000000000009,0.04102843999862671,0.04147450998425484,0.02551421999931336,0.025737254992127423
pn,DA4l,30,3,2,50,0.020000000000000018,0.01604914665222168,0.016591927036643028,0.01802457332611085,0.018295963518321523
pn,DA4l,30,3,2,100,0.0,0.016002237796783447,0.016145695000886917,0.008001118898391724,0.008072847500443459
pn,DA4l,30,3,2,250,0.0,0.01597839593887329,0.0159677155315876,0.007989197969436646,0.0079838577657938
pn,DA4l,30,3,2,500,0.0020000000000000018,0.015947282314300537,0.015876203775405884,0.00897364115715027,0.008938101887702943
pn,DA4l,30,3,2,1000,0.0040000000000000036,0.016009628772735596,0.01610942929983139,0.0100048143863678,0.010054714649915697
pn,DA4m,118,13,22,50,0.0,0.17021173238754272,0.16688957810401917,0.08510586619377136,0.08344478905200958
pn,DA4m,118,13,22,100,0.020000000000000018,0.1697973608970642,0.16647912561893463,0.09489868044853211,0.09323956280946732
pn,DA4m,118,13,22,250,0.008000000000000007,0.1692219376564026,0.16644138097763062,0.0886109688282013,0.08722069048881531
pn,DA4m,118,13,22,500,0.020000000000000018,0.16861408948898315,0.1657848209142685,0.09430704474449159,0.09289241045713426
pn,DA4m,118,13,22,1000,0.02300000000000002,0.1680295467376709,0.16553635895252228,0.09551477336883546,0.09426817947626115
pn,DC1,114,33,13,50,0.020000000000000018,0.3140420913696289,0.3176213800907135,0.16702104568481446,0.16881069004535676
pn,DC1,114,33,13,100,0.0,0.3131861090660095,0.31182563304901123,0.15659305453300476,0.15591281652450562
pn,DC1,114,33,13,250,0.020000000000000018,0.3134477734565735,0.31375616788864136,0.16672388672828675,0.1668780839443207
pn,DC1,114,33,13,500,0.04400000000000004,0.3145747780799866,0.3175516128540039,0.1792873890399933,0.18077580642700197
pn,DC1,114,33,13,1000,0.04700000000000004,0.3156888484954834,0.31958332657814026,0.18134442424774172,0.18329166328907015
pn,DC2,68,9,8,50,0.020000000000000018,0.1231393814086914,0.12305876612663269,0.07156969070434571,0.07152938306331635
pn,DC2,68,9,8,100,0.0,0.12282854318618774,0.12169903516769409,0.06141427159309387,0.060849517583847046
pn,DC2,68,9,8,250,0.0040000000000000036,0.12233549356460571,0.12049916386604309,0.06316774678230286,0.06224958193302155
pn,DC2,68,9,8,500,0.0040000000000000036,0.12204515933990479,0.12047421932220459,0.0630225796699524,0.0622371096611023
pn,DC2,68,9,8,1000,0.01100000000000001,0.12249767780303955,0.12265205383300781,0.06674883890151978,0.06682602691650391
pn,DC3,76,2,16,50,0.0,0.2020857334136963,0.20039211213588715,0.10104286670684814,0.10019605606794357
pn,DC3,76,2,16,100,0.0,0.2016674280166626,0.19921167194843292,0.1008337140083313,0.09960583597421646
pn,DC3,76,2,16,250,0.008000000000000007,0.20130425691604614,0.1994480937719345,0.10465212845802307,0.10372404688596726
pn,DC3,76,2,16,500,0.014000000000000012,0.20079976320266724,0.1987198144197464,0.10739988160133362,0.1063599072098732
pn,DC3,76,2,16,1000,0.020000000000000018,0.20093071460723877,0.200254425406456,0.1104653573036194,0.110127212703228
pn,DC4,123,24,22,50,0.020000000000000018,0.16759932041168213,0.17107075452804565,0.09379966020584107,0.09553537726402284
pn,DC4,123,24,22,100,0.010000000000000009,0.1672062873840332,0.16767646372318268,0.0886031436920166,0.08883823186159134
pn,DC4,123,24,22,250,0.028000000000000025,0.16738080978393555,0.16799232363700867,0.09769040489196779,0.09799616181850435
pn,DC4,123,24,22,500,0.026000000000000023,0.16771501302719116,0.1687801480293274,0.09685750651359559,0.09739007401466371
pn,DC4,123,24,22,1000,0.03400000000000003,0.1687869429588318,0.17147396504878998,0.10139347147941591,0.102736982524395
pn,DL1,63,8,7,50,0.020000000000000018,0.03626811504364014,0.037651851773262024,0.028134057521820077,0.02882592588663102
pn,DL1,63,8,7,100,0.010000000000000009,0.036277949810028076,0.03717264533042908,0.023138974905014043,0.023586322665214543
pn,DL1,63,8,7,250,0.0040000000000000036,0.03638863563537598,0.03689015284180641,0.02019431781768799,0.020445076420903208
pn,DL1,63,8,7,500,0.006000000000000005,0.0364496111869812,0.03687438368797302,0.021224805593490603,0.021437191843986514
pn,DL1,63,8,7,1000,0.01100000000000001,0.036896467208862305,0.03802025318145752,0.023948233604431157,0.024510126590728765
pn,DL2d,133,14,31,50,0.07999999999999996,0.5920394659042358,0.5777973532676697,0.3360197329521179,0.3288986766338348
pn,DL2d,133,14,31,100,0.08999999999999997,0.5906092524528503,0.5776349902153015,0.34030462622642516,0.33381749510765074
pn,DL2d,133,14,31,250,0.12,0.589242160320282,0.5807175040245056,0.354621080160141,0.3503587520122528
pn,DL2d,133,14,31,500,0.14600000000000002,0.5894016027450562,0.5854669213294983,0.3677008013725281,0.36573346066474915
pn,DL2d,133,14,31,1000,0.14900000000000002,0.5883520245552063,0.5844261646270752,0.36867601227760316,0.3667130823135376
pn,DL2v,139,26,20,50,0.040000000000000036,0.4637311100959778,0.4540857672691345,0.2518655550479889,0.24704288363456728
pn,DL2v,139,26,20,100,0.07999999999999996,0.46368831396102905,0.45812034606933594,0.2718441569805145,0.26906017303466795
pn,DL2v,139,26,20,250,0.07599999999999996,0.46283411979675293,0.4585455656051636,0.26941705989837644,0.26727278280258177
pn,DL2v,139,26,20,500,0.08999999999999997,0.4617558717727661,0.4569210410118103,0.27587793588638304,0.27346052050590514
pn,DL2v,139,26,20,1000,0.09099999999999997,0.46088850498199463,0.4569365382194519,0.2759442524909973,0.27396826910972594
pn,DL3,33,0,15,50,0.0,0.058794379234313965,0.06368272006511688,0.029397189617156982,0.03184136003255844
pn,DL3,33,0,15,100,0.0,0.058712542057037354,0.06075851619243622,0.029356271028518677,0.03037925809621811
pn,DL3,33,0,15,250,0.01200000000000001,0.05884283781051636,0.06015443801879883,0.035421418905258184,0.03607721900939942
pn,DL3,33,0,15,500,0.0040000000000000036,0.05870354175567627,0.059051886200904846,0.03135177087783814,0.031525943100452425
pn,DL3,33,0,15,1000,0.010000000000000009,0.0588606595993042,0.0593811571598053,0.034430329799652104,0.03469057857990265
pn,DL4,26,3,5,50,0.020000000000000018,0.031058073043823242,0.03131017088890076,0.02552903652191163,0.025655085444450387
pn,DL4,26,3,5,100,0.0,0.030946195125579834,0.030686700716614723,0.015473097562789917,0.015343350358307362
pn,DL4,26,3,5,250,0.0,0.030887365341186523,0.030612630769610405,0.015443682670593262,0.015306315384805202
pn,DL4,26,3,5,500,0.0020000000000000018,0.030820488929748535,0.03050542064011097,0.01641024446487427,0.016252710320055486
pn,DL4,26,3,5,1000,0.0010000000000000009,0.030703842639923096,0.03032287023961544,0.01585192131996155,0.01566143511980772
pn,DL5,79,12,7,50,0.020000000000000018,0.32853347063064575,0.3212602734565735,0.17426673531532288,0.17063013672828675
pn,DL5,79,12,7,100,0.050000000000000044,0.32803308963775635,0.32217180728912354,0.1890165448188782,0.1860859036445618
pn,DL5,79,12,7,250,0.03600000000000003,0.3274810314178467,0.3235396146774292,0.18174051570892336,0.17976980733871462
pn,DL5,79,12,7,500,0.04800000000000004,0.32710856199264526,0.3241252601146698,0.18755428099632265,0.18606263005733492
pn,DL5,79,12,7,1000,0.04300000000000004,0.325317919254303,0.3204195499420166,0.1841589596271515,0.18170977497100832
pn,DM1,154,69,12,50,0.020000000000000018,0.12327969074249268,0.12866298854351044,0.07163984537124635,0.07433149427175523
pn,DM1,154,69,12,100,0.010000000000000009,0.12342315912246704,0.1262601613998413,0.06671157956123352,0.06813008069992066
pn,DM1,154,69,12,250,0.008000000000000007,0.12358468770980835,0.12525127828121185,0.06579234385490418,0.06662563914060593
pn,DM1,154,69,12,500,0.020000000000000018,0.12427210807800293,0.12684987485408783,0.07213605403900147,0.07342493742704392
pn,DM1,154,69,12,1000,0.02100000000000002,0.1252272129058838,0.1284245103597641,0.0731136064529419,0.07471225517988206
pn,DM2,86,32,10,50,0.020000000000000018,0.1217871904373169,0.12228277325630188,0.07089359521865846,0.07114138662815095
pn,DM2,86,32,10,100,0.0,0.12192565202713013,0.1222967877984047,0.060962826013565063,0.06114839389920235
pn,DM2,86,32,10,250,0.01200000000000001,0.12203991413116455,0.12261646240949631,0.06701995706558228,0.06730823120474816
pn,DM2,86,32,10,500,0.018000000000000016,0.12271720170974731,0.12468959391117096,0.07035860085487367,0.07134479695558549
pn,DM2,86,32,10,1000,0.018000000000000016,0.12340807914733887,0.12568365037441254,0.07070403957366944,0.07184182518720628
pn,DM3,20,1,1,50,0.020000000000000018,0.021273553371429443,0.02188784070312977,0.02063677668571473,0.020943920351564893
pn,DM3,20,1,1,100,0.0,0.021227359771728516,0.021414196118712425,0.010613679885864258,0.010707098059356213
pn,DM3,20,1,1,250,0.0040000000000000036,0.021248340606689453,0.021328363567590714,0.012624170303344728,0.012664181783795359
pn,DM3,20,1,1,500,0.0040000000000000036,0.021302461624145508,0.021491538733243942,0.012651230812072756,0.012745769366621973
pn,DM3,20,1,1,1000,0.006000000000000005,0.02165275812149048,0.02243412844836712,0.013826379060745242,0.014217064224183562
pn,DM4,113,26,12,50,0.020000000000000018,0.07683956623077393,0.0783625915646553,0.04841978311538697,0.04918129578232766
pn,DM4,113,26,12,100,0.010000000000000009,0.07676243782043457,0.0771864801645279,0.04338121891021729,0.04359324008226395
pn,DM4,113,26,12,250,0.0040000000000000036,0.07686430215835571,0.07723100483417511,0.04043215107917786,0.04061550241708756
pn,DM4,113,26,12,500,0.010000000000000009,0.0769466757774353,0.077397920191288,0.043473337888717656,0.043698960095644
pn,DM4,113,26,12,1000,0.013000000000000012,0.07752227783203125,0.0789014995098114,0.04526113891601563,0.045950749754905706
pn,DM5,66,8,10,50,0.040000000000000036,0.09523981809616089,0.10230240970849991,0.06761990904808046,0.07115120485424997
pn,DM5,66,8,10,100,0.030000000000000027,0.09692353010177612,0.10587304085493088,0.06346176505088807,0.06793652042746545
pn,DM5,66,8,10,250,0.01200000000000001,0.09697949886322021,0.10057791322469711,0.05448974943161011,0.05628895661234856
pn,DM5,66,8,10,500,0.02200000000000002,0.09760153293609619,0.1010216549038887,0.059800766468048105,0.06151082745194436
pn,DM5,66,8,10,1000,0.020000000000000018,0.09809070825576782,0.10074713081121445,0.05904535412788392,0.06037356540560723
pn,DM6,83,14,15,50,0.020000000000000018,0.12176483869552612,0.1223069503903389,0.07088241934776307,0.07115347519516946
pn,DM6,83,14,15,100,0.0,0.12158405780792236,0.12119699269533157,0.06079202890396118,0.06059849634766579
pn,DM6,83,14,15,250,0.0040000000000000036,0.12126940488815308,0.12028729170560837,0.06263470244407654,0.062143645852804186
pn,DM6,83,14,15,500,0.010000000000000009,0.12128299474716187,0.12085405737161636,0.06564149737358094,0.06542702868580819
pn,DM6,83,14,15,1000,0.01200000000000001,0.12192970514297485,0.12296950817108154,0.06696485257148743,0.06748475408554078
pn,DP1l,190,47,25,50,0.06000000000000005,0.4851055145263672,0.4734712839126587,0.2725527572631836,0.2667356419563294
pn,DP1l,190,47,25,100,0.07999999999999996,0.4840434193611145,0.4737679660320282,0.28202170968055723,0.2768839830160141
pn,DP1l,190,47,25,250,0.08799999999999997,0.48330897092819214,0.477560430765152,0.28565448546409605,0.282780215382576
pn,DP1l,190,47,25,500,0.122,0.48404592275619507,0.48298171162605286,0.30302296137809753,0.3024908558130264
pn,DP1l,190,47,25,1000,0.119,0.48371416330337524,0.48244738578796387,0.3013570816516876,0.30072369289398193
pn,DP1m,115,21,18,50,0.0,0.04321718215942383,0.04822739586234093,0.021608591079711914,0.024113697931170464
pn,DP1m,115,21,18,100,0.010000000000000009,0.04337197542190552,0.04633618891239166,0.026685987710952763,0.028168094456195836
pn,DP1m,115,21,18,250,0.008000000000000007,0.04331463575363159,0.04439632594585419,0.0256573178768158,0.026198162972927097
pn,DP1m,115,21,18,500,0.008000000000000007,0.04328829050064087,0.0438217967748642,0.025644145250320438,0.025910898387432102
pn,DP1m,115,21,18,1000,0.008000000000000007,0.04349797964096069,0.04416481405496597,0.02574898982048035,0.02608240702748299
pn,V,106,49,15,50,0.0,0.3775061368942261,0.3817133605480194,0.18875306844711304,0.1908566802740097
pn,V,106,49,15,100,0.030000000000000027,0.37801772356033325,0.3815770447254181,0.20400886178016664,0.20578852236270906
pn,V,106,49,15,250,0.03600000000000003,0.3771567940711975,0.376274049282074,0.20657839703559877,0.206137024641037
pn,V,106,49,15,500,0.030000000000000027,0.3773621916770935,0.3773711621761322,0.20368109583854677,0.20368558108806611
pn,V,106,49,15,1000,0.040000000000000036,0.3784935474395752,0.38069286942481995,0.20924677371978762,0.21034643471241
pn,VA1d,105,14,27,50,0.020000000000000018,0.21224313974380493,0.2130802869796753,0.11612156987190247,0.11654014348983766
pn,VA1d,105,14,27,100,0.010000000000000009,0.21211570501327515,0.21215291321277618,0.11105785250663758,0.1110764566063881
pn,VA1d,105,14,27,250,0.028000000000000025,0.21296632289886475,0.21559806168079376,0.12048316144943239,0.1217990308403969
pn,VA1d,105,14,27,500,0.02200000000000002,0.21308988332748413,0.21490824222564697,0.11754494166374208,0.1184541211128235
pn,VA1d,105,14,27,1000,0.02100000000000002,0.21293485164642334,0.21353156864643097,0.11696742582321168,0.1172657843232155
pn,VA1v,121,20,35,50,0.0,0.2704264521598816,0.2708612382411957,0.1352132260799408,0.13543061912059784
pn,VA1v,121,20,35,100,0.010000000000000009,0.27031952142715454,0.2701685428619385,0.14015976071357727,0.14008427143096924
pn,VA1v,121,20,35,250,0.03600000000000003,0.27168989181518555,0.27569836378097534,0.1538449459075928,0.1558491818904877
pn,VA1v,121,20,35,500,0.028000000000000025,0.27226507663726807,0.2758500277996063,0.15013253831863405,0.15192501389980317
pn,VA1v,121,20,35,1000,0.028000000000000025,0.27243322134017944,0.2745496928691864,0.15021661067008973,0.1512748464345932
pn,VA2,157,46,11,50,0.0,0.03739023208618164,0.04211084544658661,0.01869511604309082,0.021055422723293304
pn,VA2,157,46,11,100,0.010000000000000009,0.03754138946533203,0.040352459996938705,0.02377069473266602,0.025176229998469357
pn,VA2,157,46,11,250,0.008000000000000007,0.03749668598175049,0.0385463684797287,0.022748342990875248,0.023273184239864353
pn,VA2,157,46,11,500,0.008000000000000007,0.037478864192962646,0.038014572113752365,0.022739432096481327,0.023007286056876186
pn,VA2,157,46,11,1000,0.006000000000000005,0.03768932819366455,0.038371991366147995,0.021844664096832278,0.022185995683074
pn,VA3,158,23,22,50,0.020000000000000018,0.15484684705734253,0.15903407335281372,0.08742342352867127,0.08951703667640687
pn,VA3,158,23,22,100,0.0,0.15461868047714233,0.15580962598323822,0.07730934023857117,0.07790481299161911
pn,VA3,158,23,22,250,0.008000000000000007,0.15420371294021606,0.15373530983924866,0.08110185647010804,0.08086765491962433
pn,VA3,158,23,22,500,0.01200000000000001,0.15391600131988525,0.15301485359668732,0.08295800065994263,0.08250742679834366
pn,VA3,158,23,22,1000,0.013000000000000012,0.15424376726150513,0.15442298352718353,0.08362188363075257,0.08371149176359177
pn,VA4,100,11,5,50,0.0,0.13324123620986938,0.133164644241333,0.06662061810493469,0.0665823221206665
pn,VA4,100,11,5,100,0.010000000000000009,0.1328129768371582,0.13093474507331848,0.0714064884185791,0.07046737253665925
pn,VA4,100,11,5,250,0.008000000000000007,0.1320287585258484,0.12923969328403473,0.0700143792629242,0.06861984664201737
pn,VA4,100,11,5,500,0.02200000000000002,0.13133090734481812,0.12828585505485535,0.07666545367240907,0.07514292752742768
pn,VA4,100,11,5,1000,0.02100000000000002,0.1306580901145935,0.1278584897518158,0.07582904505729676,0.07442924487590791
pn,VA5,94,3,12,50,0.020000000000000018,0.18500417470932007,0.1838998645544052,0.10250208735466004,0.10194993227720262
pn,VA5,94,3,12,100,0.0,0.18439322710037231,0.18167801201343536,0.09219661355018616,0.09083900600671768
pn,VA5,94,3,12,250,0.008000000000000007,0.18341511487960815,0.1798768937587738,0.09570755743980408,0.0939384468793869
pn,VA5,94,3,12,500,0.01200000000000001,0.18265801668167114,0.17910383641719818,0.09732900834083558,0.0955519182085991
pn,VA5,94,3,12,1000,0.015000000000000013,0.18221509456634521,0.17946480214595795,0.09860754728317261,0.09723240107297898
pn,VA6,126,7,21,50,0.040000000000000036,0.31057965755462646,0.3105641305446625,0.17528982877731325,0.17528206527233126
pn,VA6,126,7,21,100,0.020000000000000018,0.3096168637275696,0.30593109130859375,0.1648084318637848,0.16296554565429688
pn,VA6,126,7,21,250,0.02400000000000002,0.3093379735946655,0.30740028619766235,0.16666898679733277,0.1657001430988312
pn,VA6,126,7,21,500,0.040000000000000036,0.30973321199417114,0.3098856508731842,0.1748666059970856,0.17494282543659212
pn,VA6,126,7,21,1000,0.04800000000000004,0.31001782417297363,0.3108607828617096,0.17900891208648684,0.17943039143085482
pn,VA7l,15,1,2,50,0.020000000000000018,0.2298617959022522,0.22265680134296417,0.12493089795112611,0.1213284006714821
pn,VA7l,15,1,2,100,0.040000000000000036,0.22948867082595825,0.22417005896568298,0.13474433541297914,0.1320850294828415
pn,VA7l,15,1,2,250,0.03600000000000003,0.22900116443634033,0.22559592127799988,0.13250058221817018,0.13079796063899995
pn,VA7l,15,1,2,500,0.04600000000000004,0.2288380265235901,0.2266123741865158,0.13741901326179506,0.13630618709325792
pn,VA7l,15,1,2,1000,0.040000000000000036,0.22737258672714233,0.22354070842266083,0.13368629336357118,0.13177035421133043
pn,VA7m,126,9,17,50,0.0,0.15977579355239868,0.16433751583099365,0.07988789677619934,0.08216875791549683
pn,VA7m,126,9,17,100,0.010000000000000009,0.1597003936767578,0.16183477640151978,0.08485019683837891,0.08591738820075989
pn,VA7m,126,9,17,250,0.008000000000000007,0.15916496515274048,0.15874658524990082,0.08358248257637024,0.08337329262495041
pn,VA7m,126,9,17,500,0.01200000000000001,0.1587257981300354,0.15753738582134247,0.0853628990650177,0.08476869291067124
pn,VA7m,126,9,17,1000,0.01200000000000001,0.15896707773208618,0.1588132381439209,0.0854835388660431,0.08540661907196045
pn,VC1,138,27,17,50,0.020000000000000018,0.3755960464477539,0.3684832453727722,0.19779802322387696,0.19424162268638612
pn,VC1,138,27,17,100,0.040000000000000036,0.37407273054122925,0.3648145794868469,0.20703636527061464,0.20240728974342348
pn,VC1,138,27,17,250,0.03600000000000003,0.3717188239097595,0.36180582642555237,0.20385941195487978,0.1989029132127762
pn,VC1,138,27,17,500,0.04400000000000004,0.37047135829925537,0.3624473214149475,0.2072356791496277,0.20322366070747377
pn,VC1,138,27,17,1000,0.040000000000000036,0.36864370107650757,0.361138254404068,0.2043218505382538,0.20056912720203401
pn,VC2,63,12,7,50,0.040000000000000036,0.2904667854309082,0.28255295753479004,0.16523339271545412,0.16127647876739504
pn,VC2,63,12,7,100,0.040000000000000036,0.28913986682891846,0.28012484312057495,0.16456993341445925,0.1600624215602875
pn,VC2,63,12,7,250,0.03600000000000003,0.2868391275405884,0.2773107886314392,0.1614195637702942,0.15665539431571962
pn,VC2,63,12,7,500,0.04800000000000004,0.2858002185821533,0.2783959209918976,0.16690010929107668,0.1631979604959488
pn,VC2,63,12,7,1000,0.04700000000000004,0.28377145528793335,0.2761915326118469,0.1653857276439667,0.16159576630592348
pn,VC3,81,5,24,50,0.020000000000000018,0.2975667715072632,0.2939603328704834,0.1587833857536316,0.1569801664352417
pn,VC3,81,5,24,100,0.010000000000000009,0.29664134979248047,0.29139360785484314,0.15332067489624024,0.15069680392742157
pn,VC3,81,5,24,250,0.008000000000000007,0.295452356338501,0.29002776741981506,0.1517261781692505,0.14901388370990754
pn,VC3,81,5,24,500,0.02200000000000002,0.29464036226272583,0.29000020027160645,0.15832018113136292,0.15600010013580323
pn,VC3,81,5,24,1000,0.02300000000000002,0.2939053773880005,0.2901288568973541,0.15845268869400025,0.15656442844867707
pn,VC4,74,7,12,50,0.0,0.10296553373336792,0.10241733491420746,0.05148276686668396,0.05120866745710373
pn,VC4,74,7,12,100,0.0,0.10273367166519165,0.10161931812763214,0.051366835832595825,0.05080965906381607
pn,VC4,74,7,12,250,0.008000000000000007,0.10315859317779541,0.10345523059368134,0.05557929658889771,0.05572761529684067
pn,VC4,74,7,12,500,0.01200000000000001,0.10284054279327393,0.10236358642578125,0.05742027139663697,0.05718179321289063
pn,VC4,74,7,12,1000,0.014000000000000012,0.1029508113861084,0.10293842852115631,0.058475405693054205,0.05846921426057816
pn,VC5,87,3,30,50,0.06000000000000005,0.49250930547714233,0.4860086739063263,0.2762546527385712,0.2730043369531632
pn,VC5,87,3,30,100,0.06000000000000005,0.4911091923713684,0.48241496086120605,0.27555459618568423,0.27120748043060305
pn,VC5,87,3,30,250,0.06000000000000005,0.489418089389801,0.4814264476299286,0.27470904469490054,0.2707132238149643
pn,VC5,87,3,30,500,0.07399999999999995,0.48843318223953247,0.48185995221138,0.2812165911197662,0.27792997610569
pn,VC5,87,3,30,1000,0.07999999999999996,0.48620671033859253,0.478699266910553,0.28310335516929624,0.27934963345527647
pn,VL1,139,18,23,50,0.020000000000000018,0.11522704362869263,0.12045308947563171,0.06761352181434632,0.07022654473781587
pn,VL1,139,18,23,100,0.010000000000000009,0.11490750312805176,0.11659976094961166,0.06245375156402588,0.06329988047480584
pn,VL1,139,18,23,250,0.040000000000000036,0.11656731367111206,0.12201525270938873,0.07828365683555605,0.08100762635469438
pn,VL1,139,18,23,500,0.03200000000000003,0.1177147626876831,0.12342503666877747,0.07485738134384157,0.07771251833438875
pn,VL1,139,18,23,1000,0.031000000000000028,0.11811172962188721,0.12165629118680954,0.07455586481094362,0.07632814559340478
pn,VL2a,91,12,14,50,0.020000000000000018,0.2612994909286499,0.25843092799186707,0.14064974546432496,0.13921546399593354
pn,VL2a,91,12,14,100,0.040000000000000036,0.26099836826324463,0.258066862821579,0.15049918413162233,0.1490334314107895
pn,VL2a,91,12,14,250,0.03600000000000003,0.2604300379753113,0.2578125596046448,0.14821501898765566,0.1469062798023224
pn,VL2a,91,12,14,500,0.04200000000000004,0.2601777911186218,0.2581852376461029,0.15108889555931093,0.15009261882305147
pn,VL2a,91,12,14,1000,0.040000000000000036,0.25892961025238037,0.25564029812812805,0.1494648051261902,0.14782014906406404
pn,VL2p,181,27,33,50,0.040000000000000036,0.3822169899940491,0.37514030933380127,0.21110849499702455,0.20757015466690065
pn,VL2p,181,27,33,100,0.06999999999999995,0.3826630711555481,0.38010257482528687,0.22633153557777402,0.2250512874126434
pn,VL2p,181,27,33,250,0.06799999999999995,0.3825680613517761,0.38138359785079956,0.22528403067588804,0.22469179892539975
pn,VL2p,181,27,33,500,0.07799999999999996,0.3817470669746399,0.3791138827800751,0.22987353348731993,0.22855694139003752
pn,VL2p,181,27,33,1000,0.07599999999999996,0.3808935880661011,0.377975195646286,0.22844679403305052,0.22698759782314298
pn,VM1,88,13,12,50,0.0,0.1561381220817566,0.16007329523563385,0.0780690610408783,0.08003664761781693
pn,VM1,88,13,12,100,0.010000000000000009,0.15591365098953247,0.15705496072769165,0.08295682549476624,0.08352748036384583
pn,VM1,88,13,12,250,0.01200000000000001,0.15581345558166504,0.15605035424232483,0.08390672779083252,0.08402517712116242
pn,VM1,88,13,12,500,0.014000000000000012,0.15553343296051025,0.1550607532262802,0.08476671648025513,0.08453037661314011
pn,VM1,88,13,12,1000,0.01100000000000001,0.1552758812904358,0.15454690158367157,0.0831379406452179,0.08277345079183579
pn,VM2,88,1,11,50,0.0,0.11248248815536499,0.10958775877952576,0.056241244077682495,0.05479387938976288
pn,VM2,88,1,11,100,0.0,0.11209428310394287,0.10914330184459686,0.056047141551971436,0.05457165092229843
pn,VM2,88,1,11,250,0.008000000000000007,0.11151343584060669,0.10884268581867218,0.05975671792030335,0.058421342909336094
pn,VM2,88,1,11,500,0.01200000000000001,0.11098241806030273,0.10837589204311371,0.06149120903015137,0.06018794602155686
pn,VM2,88,1,11,1000,0.015000000000000013,0.11080306768417358,0.10925766080617905,0.0629015338420868,0.06212883040308953
pn,VM3,81,12,13,50,0.020000000000000018,0.2053900957107544,0.20245295763015747,0.1126950478553772,0.11122647881507874
pn,VM3,81,12,13,100,0.010000000000000009,0.20499491691589355,0.20202362537384033,0.10749745845794678,0.10601181268692017
pn,VM3,81,12,13,250,0.01200000000000001,0.2041831612586975,0.20083513855934143,0.10809158062934876,0.10641756927967072
pn,VM3,81,12,13,500,0.016000000000000014,0.20366835594177246,0.20084229111671448,0.10983417797088624,0.10842114555835725
pn,VM3,81,12,13,1000,0.017000000000000015,0.20333445072174072,0.2012753039598465,0.11016722536087037,0.10913765197992326
pn,VM4,57,4,19,50,0.020000000000000018,0.21665626764297485,0.21159201860427856,0.11832813382148744,0.11579600930213929
pn,VM4,57,4,19,100,0.030000000000000027,0.2160496711730957,0.21107468008995056,0.12302483558654786,0.1205373400449753
pn,VM4,57,4,19,250,0.016000000000000014,0.21559160947799683,0.21218423545360565,0.11579580473899842,0.11409211772680283
pn,VM4,57,4,19,500,0.03200000000000003,0.21491551399230957,0.21150638163089752,0.1234577569961548,0.12175319081544878
pn,VM4,57,4,19,1000,0.027000000000000024,0.21341174840927124,0.20875674486160278,0.12020587420463563,0.1178783724308014
pn,VM5d,92,11,21,50,0.040000000000000036,0.41910892724990845,0.4087444245815277,0.22955446362495424,0.22437221229076387
pn,VM5d,92,11,21,100,0.06000000000000005,0.41723281145095825,0.40501460433006287,0.23861640572547915,0.23250730216503146
pn,VM5d,92,11,21,250,0.04400000000000004,0.4142783284187317,0.4016939401626587,0.22913916420936586,0.22284697008132937
pn,VM5d,92,11,21,500,0.06000000000000005,0.4126165509223938,0.40217065811157227,0.23630827546119693,0.23108532905578616
pn,VM5d,92,11,21,1000,0.05600000000000005,0.4099816679954529,0.39967966079711914,0.23299083399772647,0.2278398303985596
pn,VM5v,100,23,14,50,0.020000000000000018,0.27414965629577637,0.27086225152015686,0.1470748281478882,0.14543112576007844
pn,VM5v,100,23,14,100,0.010000000000000009,0.27308130264282227,0.26759809255599976,0.14154065132141114,0.13879904627799988
pn,VM5v,100,23,14,250,0.008000000000000007,0.2723551392555237,0.2678261995315552,0.14017756962776184,0.1379130997657776
pn,VM5v,100,23,14,500,0.016000000000000014,0.27131348848342896,0.26661914587020874,0.14365674424171448,0.14130957293510438
pn,VM5v,100,23,14,1000,0.020000000000000018,0.2703056335449219,0.2658922076225281,0.14515281677246095,0.14294610381126405
pn,VM6,77,3,18,50,0.040000000000000036,0.36763209104537964,0.3609127104282379,0.20381604552268984,0.20045635521411898
pn,VM6,77,3,18,100,0.050000000000000044,0.3665317893028259,0.3588242828845978,0.20826589465141299,0.2044121414422989
pn,VM6,77,3,18,250,0.05600000000000005,0.36480194330215454,0.35721418261528015,0.2104009716510773,0.2066070913076401
pn,VM6,77,3,18,500,0.06799999999999995,0.3640657067298889,0.35823607444763184,0.21603285336494443,0.2131180372238159
pn,VM6,77,3,18,1000,0.07199999999999995,0.362126886844635,0.35563525557518005,0.21706344342231748,0.21381762778759
pn,VM6l,57,3,19,50,0.040000000000000036,0.37274134159088135,0.3665510416030884,0.2063706707954407,0.2032755208015442
pn,VM6l,57,3,19,100,0.050000000000000044,0.3716622591018677,0.3643006384372711,0.21083112955093386,0.20715031921863558
pn,VM6l,57,3,19,250,0.052000000000000046,0.36985623836517334,0.3622642755508423,0.2109281191825867,0.20713213777542117
pn,VM6l,57,3,19,500,0.06599999999999995,0.3691297769546509,0.3633486330509186,0.2175648884773254,0.21467431652545926
pn,VM6l,57,3,19,1000,0.07099999999999995,0.367307186126709,0.36100780963897705,0.21915359306335447,0.2160039048194885
pn,VM6m,39,3,12,50,0.040000000000000036,0.37261009216308594,0.36641231179237366,0.206305046081543,0.20320615589618685
pn,VM6m,39,3,12,100,0.050000000000000044,0.37153106927871704,0.3641646206378937,0.21076553463935854,0.20708231031894686
pn,VM6m,39,3,12,250,0.052000000000000046,0.3697253465652466,0.36213287711143494,0.21086267328262331,0.2070664385557175
pn,VM6m,39,3,12,500,0.06599999999999995,0.3689984083175659,0.3632156252861023,0.21749920415878293,0.21460781264305112
pn,VM6m,39,3,12,1000,0.07099999999999995,0.3671702742576599,0.360859751701355,0.21908513712882993,0.21592987585067747
pn,VM6v,113,17,18,50,0.040000000000000036,0.3989284634590149,0.3942760229110718,0.21946423172950746,0.2171380114555359
pn,VM6v,113,17,18,100,0.050000000000000044,0.39784514904022217,0.3913804590702057,0.2239225745201111,0.22069022953510287
pn,VM6v,113,17,18,250,0.04400000000000004,0.39628326892852783,0.38967639207839966,0.22014163446426394,0.21683819603919985
pn,VM6v,113,17,18,500,0.05400000000000005,0.39571332931518555,0.39083412289619446,0.2248566646575928,0.22241706144809725
pn,VM6v,113,17,18,1000,0.05900000000000005,0.39414072036743164,0.38881298899650574,0.22657036018371585,0.2239064944982529
pn,VM7d,95,20,17,50,0.020000000000000018,0.09729474782943726,0.0986061841249466,0.05864737391471864,0.059303092062473306
pn,VM7d,95,20,17,100,0.0,0.09709447622299194,0.09687045216560364,0.04854723811149597,0.04843522608280182
pn,VM7d,95,20,17,250,0.0040000000000000036,0.09698057174682617,0.09650575369596481,0.05049028587341309,0.05025287684798241
pn,VM7d,95,20,17,500,0.0040000000000000036,0.09683513641357422,0.09626057744026184,0.05041756820678711,0.05013028872013092
pn,VM7d,95,20,17,1000,0.0040000000000000036,0.09662109613418579,0.09590698033571243,0.0503105480670929,0.04995349016785622
pn,VM7v,69,14,13,50,0.0,0.10017913579940796,0.0985274538397789,0.05008956789970398,0.04926372691988945
pn,VM7v,69,14,13,100,0.0,0.0998111367225647,0.09759236127138138,0.04990556836128235,0.04879618063569069
pn,VM7v,69,14,13,250,0.008000000000000007,0.09936517477035522,0.09730362147092819,0.053682587385177616,0.0526518107354641
pn,VM7v,69,14,13,500,0.01200000000000001,0.09899049997329712,0.09704668819904327,0.055495249986648565,0.05452334409952164
pn,VM7v,69,14,13,1000,0.01200000000000001,0.09849143028259277,0.09658296406269073,0.05524571514129639,0.05429148203134537
all,D,82,11,71,50,0.24,0.9644157886505127,0.9682214856147766,0.6022078943252563,0.6041107428073883
all,D,82,11,71,100,0.43000000000000005,0.9653574228286743,0.9709815979003906,0.6976787114143372,0.7004907989501954
all,D,82,11,71,250,0.31599999999999995,0.9637136459350586,0.9614263772964478,0.6398568229675292,0.6387131886482238
all,D,82,11,71,500,0.29000000000000004,0.9616307616233826,0.9554967880249023,0.6258153808116913,0.6227483940124512
all,D,82,11,71,1000,0.22299999999999998,0.9587312936782837,0.9498180150985718,0.5908656468391418,0.5864090075492858
all,DA1,133,22,110,50,0.24,0.971929132938385,0.9732103943824768,0.6059645664691925,0.6066051971912384
all,DA1,133,22,110,100,0.42000000000000004,0.9725687503814697,0.9758245944976807,0.6962843751907348,0.6979122972488403
all,DA1,133,22,110,250,0.32399999999999995,0.9705225825309753,0.9662588238716125,0.6472612912654876,0.6451294119358062
all,DA1,133,22,110,500,0.29000000000000004,0.9681518077850342,0.9603291153907776,0.6290759038925171,0.6251645576953888
all,DA1,133,22,110,1000,0.239,0.9648680090904236,0.9543080925941467,0.6019340045452117,0.5966540462970733
all,DA2,92,4,88,50,0.24,0.9693136811256409,0.9713159203529358,0.6046568405628204,0.6056579601764679
all,DA2,92,4,88,100,0.43999999999999995,0.9700764417648315,0.9741886854171753,0.7050382208824157,0.7070943427085876
all,DA2,92,4,88,250,0.33599999999999997,0.9681786894798279,0.9646753072738647,0.6520893447399139,0.6503376536369323
all,DA2,92,4,88,500,0.28400000000000003,0.9657775163650513,0.9582674503326416,0.6248887581825256,0.6211337251663208
all,DA2,92,4,88,1000,0.21699999999999997,0.9625059366226196,0.9521461725234985,0.5897529683113099,0.5845730862617493
all,DA3,39,8,31,50,0.21999999999999997,0.9354106783866882,0.9406440258026123,0.5777053391933441,0.5803220129013061
all,DA3,39,8,31,100,0.33999999999999997,0.9369012117385864,0.945350706577301,0.6384506058692931,0.6426753532886504
all,DA3,39,8,31,250,0.276,0.9356909394264221,0.9356387853622437,0.6058454697132111,0.6058193926811218
all,DA3,39,8,31,500,0.21999999999999997,0.9336165189743042,0.928616464138031,0.5768082594871521,0.5743082320690155
all,DA3,39,8,31,1000,0.16900000000000004,0.9309920072555542,0.9231597185134888,0.5499960036277771,0.5460798592567444
all,DA4l,30,3,27,50,0.18000000000000005,0.9189027547836304,0.9207702875137329,0.5494513773918153,0.5503851437568665
all,DA4l,30,3,27,100,0.21999999999999997,0.9198026061058044,0.9245591163635254,0.5699013030529022,0.5722795581817627
all,DA4l,30,3,27,250,0.18400000000000005,0.9180169105529785,0.9148890376091003,0.5510084552764893,0.5494445188045503
all,DA4l,30,3,27,500,0.14800000000000002,0.9159218072891235,0.9092469215393066,0.5319609036445618,0.5286234607696534
all,DA4l,30,3,27,1000,0.10799999999999998,0.9128463864326477,0.9032907485961914,0.5104231932163239,0.5056453742980958
all,DA4m,118,13,105,50,0.24,0.9765049815177917,0.9753636717796326,0.6082524907588959,0.6076818358898163
all,DA4m,118,13,105,100,0.44999999999999996,0.976780891418457,0.9775232076644897,0.7133904457092285,0.7137616038322449
all,DA4m,118,13,105,250,0.33599999999999997,0.9744736552238464,0.9684960842132568,0.6552368276119231,0.6522480421066283
all,DA4m,118,13,105,500,0.29600000000000004,0.9718278050422668,0.9624887108802795,0.6339139025211334,0.6292443554401398
all,DA4m,118,13,105,1000,0.24,0.9683607220649719,0.9567050933837891,0.604180361032486,0.5983525466918945
all,DC1,114,33,81,50,0.24,0.9747032523155212,0.9759511351585388,0.6073516261577606,0.6079755675792694
all,DC1,114,33,81,100,0.45999999999999996,0.9751749038696289,0.9777886867523193,0.7175874519348144,0.7188943433761597
all,DC1,114,33,81,250,0.33599999999999997,0.9731109738349915,0.9685404300689697,0.6545554869174957,0.6522702150344848
all,DC1,114,33,81,500,0.28600000000000003,0.9707794785499573,0.9629250764846802,0.6283897392749787,0.6244625382423401
all,DC1,114,33,81,1000,0.244,0.9678220748901367,0.9579352140426636,0.6059110374450684,0.6009676070213318
all,DC2,68,9,59,50,0.21999999999999997,0.9592478275299072,0.9613536596298218,0.5896239137649536,0.5906768298149109
all,DC2,68,9,59,100,0.38,0.9603057503700256,0.9655225276947021,0.6701528751850128,0.672761263847351
all,DC2,68,9,59,250,0.28,0.9585079550743103,0.9556384086608887,0.6192539775371552,0.6178192043304443
all,DC2,68,9,59,500,0.22999999999999998,0.9561036229133606,0.9489049315452576,0.5930518114566803,0.5894524657726288
all,DC2,68,9,59,1000,0.17500000000000004,0.9529166221618652,0.9428683519363403,0.5639583110809326,0.5589341759681702
all,DC3,76,2,74,50,0.24,0.9690672755241394,0.9713643789291382,0.6045336377620697,0.6056821894645691
all,DC3,76,2,74,100,0.44999999999999996,0.9697882533073425,0.9738568067550659,0.7098941266536712,0.7119284033775329
all,DC3,76,2,74,250,0.32399999999999995,0.9678571820259094,0.9642004370689392,0.6459285910129546,0.6441002185344695
all,DC3,76,2,74,500,0.272,0.9654479622840881,0.9578604102134705,0.6187239811420441,0.6149302051067352
all,DC3,76,2,74,1000,0.21799999999999997,0.9622551202774048,0.9520190358161926,0.5901275601387024,0.5850095179080963
all,DC4,123,24,98,50,0.26,0.9745930433273315,0.9759401679039001,0.6172965216636658,0.6179700839519501
all,DC4,123,24,98,100,0.45999999999999996,0.9751330614089966,0.9781020283699036,0.7175665307044983,0.7190510141849518
all,DC4,123,24,98,250,0.32799999999999996,0.9732630848884583,0.9692820906639099,0.650631542444229,0.6486410453319549
all,DC4,123,24,98,500,0.29400000000000004,0.9710912108421326,0.9639667868614197,0.6325456054210663,0.6289833934307099
all,DC4,123,24,98,1000,0.254,0.9683935046195984,0.9593427777290344,0.6111967523097992,0.6066713888645172
all,DL1,63,8,55,50,0.18000000000000005,0.9564821720123291,0.9540426731109619,0.5682410860061646,0.567021336555481
all,DL1,63,8,55,100,0.31999999999999995,0.956866979598999,0.9571595788002014,0.6384334897994994,0.6385797894001006
all,DL1,63,8,55,250,0.356,0.9543659687042236,0.9478182792663574,0.6551829843521118,0.6519091396331786
all,DL1,63,8,55,500,0.35,0.9514764547348022,0.9413150548934937,0.6507382273674012,0.6456575274467469
all,DL1,63,8,55,1000,0.30200000000000005,0.947426438331604,0.9341744184494019,0.624713219165802,0.618087209224701
all,DL2d,133,14,119,50,0.26,0.9811816215515137,0.9813558459281921,0.6205908107757568,0.6206779229640961
all,DL2d,133,14,119,100,0.48,0.9818220138549805,0.9844186902046204,0.7309110069274902,0.7322093451023102
all,DL2d,133,14,119,250,0.54,0.9815337061882019,0.9816824793815613,0.760766853094101,0.7608412396907807
all,DL2d,133,14,119,500,0.532,0.9805338382720947,0.9781823754310608,0.7562669191360474,0.7550911877155304
all,DL2d,133,14,119,1000,0.43999999999999995,0.9782513380050659,0.972350001335144,0.7091256690025329,0.706175000667572
all,DL2v,139,26,113,50,0.24,0.9760099649429321,0.9760310649871826,0.6080049824714661,0.6080155324935913
all,DL2v,139,26,113,100,0.44999999999999996,0.9766042828559875,0.9790327548980713,0.7133021414279938,0.7145163774490356
all,DL2v,139,26,113,250,0.364,0.9746495485305786,0.9703484177589417,0.6693247742652892,0.6671742088794708
all,DL2v,139,26,113,500,0.30800000000000005,0.9722853899002075,0.9644550681114197,0.6401426949501038,0.6362275340557099
all,DL2v,139,26,113,1000,0.26,0.9693596363067627,0.9595619440078735,0.6146798181533814,0.6097809720039368
all,DL3,33,0,33,50,0.12,0.782067060470581,0.7947810888290405,0.4510335302352905,0.45739054441452026
all,DL3,33,0,33,100,0.15000000000000002,0.7830710411071777,0.7942897081375122,0.4665355205535889,0.4721448540687561
all,DL3,33,0,33,250,0.22399999999999998,0.7828001976013184,0.7861500978469849,0.5034000988006592,0.5050750489234924
all,DL3,33,0,33,500,0.238,0.7822088003158569,0.7825419902801514,0.5101044001579285,0.5102709951400757
all,DL3,33,0,33,1000,0.248,0.7824801802635193,0.7830755710601807,0.5152400901317596,0.5155377855300903
all,DL4,26,3,23,50,0.24,0.8797865509986877,0.8687010407447815,0.5598932754993439,0.5543505203723907
all,DL4,26,3,23,100,0.4,0.8797225952148438,0.8732956647872925,0.6398612976074218,0.6366478323936462
all,DL4,26,3,23,250,0.46399999999999997,0.8762636184692383,0.8646860122680664,0.6701318092346191,0.6643430061340332
all,DL4,26,3,23,500,0.44199999999999995,0.8726415038108826,0.8581392168998718,0.6573207519054413,0.6500696084499359
all,DL4,26,3,23,1000,0.389,0.8668268322944641,0.8479394316673279,0.6279134161472321,0.618469715833664
all,DL5,79,12,67,50,0.19999999999999996,0.9721764326095581,0.9711641073226929,0.586088216304779,0.5855820536613464
all,DL5,79,12,67,100,0.38,0.9725229740142822,0.9733900427818298,0.6762614870071411,0.6766950213909149
all,DL5,79,12,67,250,0.30800000000000005,0.9706255197525024,0.9657454490661621,0.6393127598762512,0.6368727245330811
all,DL5,79,12,67,500,0.28400000000000003,0.9685534834861755,0.9612213373184204,0.6262767417430878,0.6226106686592102
all,DL5,79,12,67,1000,0.25,0.9658578038215637,0.956723153591156,0.6079289019107819,0.603361576795578
all,DM1,154,69,85,50,0.26,0.9757452607154846,0.9760617017745972,0.6178726303577423,0.6180308508872986
all,DM1,154,69,85,100,0.42000000000000004,0.976274311542511,0.9785799384117126,0.6981371557712555,0.6992899692058563
all,DM1,154,69,85,250,0.33199999999999996,0.9745216965675354,0.9706467390060425,0.6532608482837676,0.6513233695030212
all,DM1,154,69,85,500,0.31000000000000005,0.9725566506385803,0.9659440517425537,0.6412783253192902,0.6379720258712769
all,DM1,154,69,85,1000,0.276,0.9701611995697021,0.9620278477668762,0.6230805997848511,0.6190139238834381
all,DM2,86,32,54,50,0.21999999999999997,0.960835337638855,0.9634819030761719,0.5904176688194275,0.5917409515380859
all,DM2,86,32,54,100,0.4,0.962005078792572,0.9678198099136353,0.681002539396286,0.6839099049568176
all,DM2,86,32,54,250,0.29200000000000004,0.9602388143539429,0.9577211141586304,0.6261194071769715,0.6248605570793152
all,DM2,86,32,54,500,0.24,0.9580323696136475,0.9514989852905273,0.5990161848068237,0.5957494926452637
all,DM2,86,32,54,1000,0.18300000000000005,0.955022931098938,0.9456605315208435,0.569011465549469,0.5643302657604218
all,DM3,20,1,19,50,0.16000000000000003,0.899163544178009,0.9008704423904419,0.5295817720890046,0.530435221195221
all,DM3,20,1,19,100,0.24,0.9002643823623657,0.9052484035491943,0.5701321911811829,0.5726242017745972
all,DM3,20,1,19,250,0.11199999999999999,0.8986812233924866,0.8962924480438232,0.5053406116962433,0.5041462240219117
all,DM3,20,1,19,500,0.12,0.8963973522186279,0.8897450566291809,0.508198676109314,0.5048725283145905
all,DM3,20,1,19,1000,0.09799999999999998,0.8931376934051514,0.8832073211669922,0.49556884670257567,0.4906036605834961
all,DM4,113,26,87,50,0.24,0.9682403802871704,0.9684933423995972,0.6041201901435852,0.6042466711997986
all,DM4,113,26,87,100,0.41000000000000003,0.9690598845481873,0.9723365306854248,0.6895299422740937,0.6911682653427125
all,DM4,113,26,87,250,0.31200000000000006,0.9673224687576294,0.9639005661010742,0.6396612343788147,0.6379502830505371
all,DM4,113,26,87,500,0.266,0.9651885032653809,0.9583562016487122,0.6155942516326904,0.6121781008243561
all,DM4,113,26,87,1000,0.22199999999999998,0.9625113010406494,0.9536935091018677,0.5922556505203247,0.5878467545509338
all,DM5,66,8,58,50,0.21999999999999997,0.953798770904541,0.9568334817886353,0.5868993854522705,0.5884167408943176
all,DM5,66,8,58,100,0.38,0.9548742771148682,0.960602343082428,0.667437138557434,0.6703011715412139
all,DM5,66,8,58,250,0.268,0.9532595872879028,0.9510577321052551,0.6106297936439514,0.6095288660526276
all,DM5,66,8,58,500,0.21799999999999997,0.9511566758155823,0.9450283646583557,0.5845783379077911,0.5815141823291778
all,DM5,66,8,58,1000,0.16500000000000004,0.9484171271324158,0.939810574054718,0.5567085635662079,0.552405287027359
all,DM6,83,14,69,50,0.24,0.9695289134979248,0.9702399969100952,0.6047644567489624,0.6051199984550476
all,DM6,83,14,69,100,0.43000000000000005,0.9699986577033997,0.9723872542381287,0.6999993288516999,0.7011936271190644
all,DM6,83,14,69,250,0.30400000000000005,0.9677364826202393,0.9625425934791565,0.6358682413101197,0.6332712967395783
all,DM6,83,14,69,500,0.258,0.965204656124115,0.9565733671188354,0.6116023280620575,0.6072866835594177
all,DM6,83,14,69,1000,0.20199999999999996,0.9620292782783508,0.9512940645217896,0.5820146391391754,0.5766470322608948
all,DP1l,190,47,143,50,0.26,0.9820060133934021,0.9828411340713501,0.621003006696701,0.621420567035675
all,DP1l,190,47,143,100,0.51,0.9825928807258606,0.9853168725967407,0.7462964403629303,0.7476584362983704
all,DP1l,190,47,143,250,0.552,0.9821574687957764,0.9819478392601013,0.7670787343978882,0.7669739196300507
all,DP1l,190,47,143,500,0.538,0.9810283184051514,0.9782042503356934,0.7595141592025757,0.7581021251678467
all,DP1l,190,47,143,1000,0.42200000000000004,0.9786013960838318,0.9721511602401733,0.700300698041916,0.6970755801200867
all,DP1m,115,21,94,50,0.24,0.9764775037765503,0.9772679209709167,0.6082387518882751,0.6086339604854584
all,DP1m,115,21,94,100,0.47,0.9773204922676086,0.9809572696685791,0.7236602461338043,0.7254786348342895
all,DP1m,115,21,94,250,0.5,0.9770216941833496,0.9775237441062927,0.7385108470916748,0.7387618720531464
all,DP1m,115,21,94,500,0.486,0.9758316278457642,0.9731956124305725,0.7309158139228821,0.7295978062152862
all,DP1m,115,21,94,1000,0.374,0.973237931728363,0.9665358662605286,0.6736189658641816,0.6702679331302643
all,V,106,49,57,50,0.19999999999999996,0.9528207778930664,0.9532955884933472,0.5764103889465332,0.5766477942466736
all,V,106,49,57,100,0.38,0.9543392658233643,0.9602619409561157,0.6671696329116821,0.6701309704780578
all,V,106,49,57,250,0.28400000000000003,0.9521896839141846,0.9486532211303711,0.6180948419570923,0.6163266105651856
all,V,106,49,57,500,0.25,0.9496455788612366,0.9417158365249634,0.5998227894306183,0.5958579182624817
all,V,106,49,57,1000,0.22399999999999998,0.9461736679077148,0.9351962208747864,0.5850868339538574,0.5795981104373932
all,VA1d,105,14,91,50,0.24,0.9675142765045166,0.9704363346099854,0.6037571382522583,0.6052181673049927
all,VA1d,105,14,91,100,0.44999999999999996,0.9683911204338074,0.9733480215072632,0.7091955602169037,0.7116740107536316
all,VA1d,105,14,91,250,0.348,0.9666329026222229,0.9638124704360962,0.6573164513111114,0.655906235218048
all,VA1d,105,14,91,500,0.28600000000000003,0.9643725752830505,0.9575660228729248,0.6251862876415253,0.6217830114364624
all,VA1d,105,14,91,1000,0.21999999999999997,0.9612028002738953,0.9513895511627197,0.5906014001369476,0.5856947755813598
all,VA1v,121,20,101,50,0.24,0.9639142155647278,0.9675672650337219,0.6019571077823639,0.603783632516861
all,VA1v,121,20,101,100,0.42000000000000004,0.9649702310562134,0.9709557294845581,0.6924851155281067,0.695477864742279
all,VA1v,121,20,101,250,0.348,0.9635031819343567,0.9618950486183167,0.6557515909671783,0.6549475243091583
all,VA1v,121,20,101,500,0.28600000000000003,0.961391806602478,0.9555324912071228,0.623695903301239,0.6207662456035614
all,VA1v,121,20,101,1000,0.21799999999999997,0.9584015011787415,0.9494196772575378,0.5882007505893707,0.5837098386287689
all,VA2,157,46,111,50,0.24,0.9789544343948364,0.9794602990150452,0.6094772171974182,0.6097301495075226
all,VA2,157,46,111,100,0.47,0.9793069362640381,0.981112003326416,0.724653468132019,0.725556001663208
all,VA2,157,46,111,250,0.344,0.9773331880569458,0.9727087616920471,0.6606665940284728,0.6583543808460235
all,VA2,157,46,111,500,0.29200000000000004,0.9751229882240295,0.9675318598747253,0.6335614941120148,0.6297659299373627
all,VA2,157,46,111,1000,0.263,0.9723156690597534,0.9628780484199524,0.6176578345298767,0.6129390242099761
all,VA3,158,23,135,50,0.24,0.9755178093910217,0.9773952960968018,0.6077589046955109,0.6086976480484009
all,VA3,158,23,135,100,0.44999999999999996,0.9760958552360535,0.9794198870658875,0.7130479276180267,0.7147099435329437
all,VA3,158,23,135,250,0.348,0.9743074774742126,0.9708199501037598,0.6611537387371063,0.6594099750518798
all,VA3,158,23,135,500,0.30200000000000005,0.972073495388031,0.9649754762649536,0.6370367476940155,0.6334877381324768
all,VA3,158,23,135,1000,0.262,0.9692654013633728,0.9600435495376587,0.6156327006816864,0.6110217747688294
all,VA4,100,11,89,50,0.24,0.9734722971916199,0.974566638469696,0.6067361485958099,0.607283319234848
all,VA4,100,11,89,100,0.44999999999999996,0.9740340113639832,0.9768971800804138,0.7120170056819916,0.7134485900402069
all,VA4,100,11,89,250,0.32399999999999995,0.9720000624656677,0.9676280617713928,0.6480000312328338,0.6458140308856963
all,VA4,100,11,89,500,0.28400000000000003,0.9696036577224731,0.9616774320602417,0.6268018288612366,0.6228387160301209
all,VA4,100,11,89,1000,0.238,0.9663354754447937,0.955767810344696,0.6021677377223968,0.596883905172348
all,VA5,94,3,91,50,0.24,0.972132682800293,0.9741184711456299,0.6060663414001465,0.6070592355728149
all,VA5,94,3,91,100,0.44999999999999996,0.9728286862373352,0.9766870141029358,0.7114143431186676,0.7133435070514679
all,VA5,94,3,91,250,0.32399999999999995,0.9708414673805237,0.9669402837753296,0.6474207336902618,0.6454701418876647
all,VA5,94,3,91,500,0.274,0.9683324098587036,0.9603885412216187,0.6211662049293518,0.6171942706108093
all,VA5,94,3,91,1000,0.23199999999999998,0.9651079773902893,0.9546123743057251,0.5985539886951446,0.5933061871528625
all,VA6,126,7,119,50,0.24,0.9781474471092224,0.9792654514312744,0.6090737235546112,0.6096327257156372
all,VA6,126,7,119,100,0.47,0.9785023331642151,0.9806407690048218,0.7242511665821075,0.7253203845024109
all,VA6,126,7,119,250,0.38,0.9764851331710815,0.971896231174469,0.6782425665855407,0.6759481155872344
all,VA6,126,7,119,500,0.32199999999999995,0.974122166633606,0.9661747217178345,0.648061083316803,0.6440873608589173
all,VA6,126,7,119,1000,0.269,0.9709041714668274,0.9604437947273254,0.6199520857334138,0.6147218973636628
all,VA7l,15,1,14,50,0.14,0.8774057626724243,0.881371259689331,0.5087028813362122,0.5106856298446656
all,VA7l,15,1,14,100,0.16000000000000003,0.8780205249786377,0.882341742515564,0.5190102624893189,0.521170871257782
all,VA7l,15,1,14,250,0.09999999999999998,0.8766578435897827,0.8745577931404114,0.48832892179489135,0.4872788965702057
all,VA7l,15,1,14,500,0.10199999999999998,0.8744901418685913,0.8682960271835327,0.48824507093429564,0.48514801359176635
all,VA7l,15,1,14,1000,0.08099999999999996,0.8713774085044861,0.8620539307594299,0.476188704252243,0.47152696537971495
all,VA7m,126,9,117,50,0.24,0.9813177585601807,0.9812784790992737,0.6106588792800903,0.6106392395496368
all,VA7m,126,9,117,100,0.47,0.9815383553504944,0.9826207756996155,0.7257691776752472,0.7263103878498077
all,VA7m,126,9,117,250,0.348,0.9794099926948547,0.9740748405456543,0.6637049963474273,0.6610374202728271
all,VA7m,126,9,117,500,0.30000000000000004,0.977107584476471,0.9689366221427917,0.6385537922382355,0.6344683110713959
all,VA7m,126,9,117,1000,0.276,0.9742996096611023,0.9645705819129944,0.6251498048305512,0.6202852909564972
all,VC1,138,27,111,50,0.24,0.9733108282089233,0.9746633172035217,0.6066554141044617,0.6073316586017609
all,VC1,138,27,111,100,0.45999999999999996,0.973856508731842,0.9767923951148987,0.716928254365921,0.7183961975574493
all,VC1,138,27,111,250,0.32799999999999996,0.971792995929718,0.9673362374305725,0.6498964979648589,0.6476681187152862
all,VC1,138,27,111,500,0.28600000000000003,0.9693757891654968,0.9613581299781799,0.6276878945827484,0.62367906498909
all,VC1,138,27,111,1000,0.237,0.9661751985549927,0.9557159543037415,0.6015875992774964,0.5963579771518708
all,VC2,63,12,51,50,0.24,0.9616373181343079,0.9649115204811096,0.6008186590671539,0.6024557602405548
all,VC2,63,12,51,100,0.43000000000000005,0.9627256989479065,0.9686245918273926,0.6963628494739533,0.6993122959136964
all,VC2,63,12,51,250,0.30000000000000004,0.9609013795852661,0.9582358598709106,0.6304506897926331,0.6291179299354553
all,VC2,63,12,51,500,0.258,0.9585909843444824,0.9517328143119812,0.6082954921722412,0.6048664071559906
all,VC2,63,12,51,1000,0.19799999999999995,0.9554468989372253,0.9456778168678284,0.5767234494686126,0.5718389084339142
all,VC3,81,5,76,50,0.24,0.9594077467918396,0.9627745747566223,0.5997038733959198,0.6013872873783112
all,VC3,81,5,76,100,0.39,0.9604718685150146,0.966352105140686,0.6752359342575074,0.6781760525703431
all,VC3,81,5,76,250,0.30000000000000004,0.9587960243225098,0.956516683101654,0.6293980121612549,0.628258341550827
all,VC3,81,5,76,500,0.25,0.9564347267150879,0.9496684074401855,0.603217363357544,0.5998342037200928
all,VC3,81,5,76,1000,0.19999999999999996,0.9534804821014404,0.9441021084785461,0.5767402410507202,0.572051054239273
all,VC4,74,7,67,50,0.24,0.9631691575050354,0.9654130339622498,0.6015845787525177,0.6027065169811249
all,VC4,74,7,67,100,0.4,0.9641780853271484,0.9692611694335938,0.6820890426635742,0.6846305847167968
all,VC4,74,7,67,250,0.29600000000000004,0.9626291394233704,0.960372805595398,0.6293145697116852,0.628186402797699
all,VC4,74,7,67,500,0.246,0.9607088565826416,0.9549875259399414,0.6033544282913208,0.6004937629699707
all,VC4,74,7,67,1000,0.20399999999999996,0.9583117365837097,0.9506255984306335,0.5811558682918548,0.5773127992153168
all,VC5,87,3,84,50,0.24,0.9685879349708557,0.9711010456085205,0.6042939674854279,0.6055505228042602
all,VC5,87,3,84,100,0.42000000000000004,0.9693867564201355,0.9738316535949707,0.6946933782100677,0.6969158267974853
all,VC5,87,3,84,250,0.344,0.9675732851028442,0.9644349217414856,0.655786642551422,0.6542174608707427
all,VC5,87,3,84,500,0.28600000000000003,0.9653271436691284,0.958373486995697,0.6256635718345642,0.6221867434978485
all,VC5,87,3,84,1000,0.244,0.9622323513031006,0.9524919390678406,0.6031161756515503,0.5982459695339203
all,VL1,139,18,121,50,0.19999999999999996,0.9561307430267334,0.9561238288879395,0.5780653715133667,0.5780619144439697
all,VL1,139,18,121,100,0.39,0.9560050368309021,0.9558120965957642,0.6730025184154511,0.6729060482978821
all,VL1,139,18,121,250,0.248,0.9540179371833801,0.9486451148986816,0.6010089685916901,0.5983225574493408
all,VL1,139,18,121,500,0.21999999999999997,0.9516274333000183,0.9432127475738525,0.5858137166500091,0.5816063737869263
all,VL1,139,18,121,1000,0.17300000000000004,0.9483300447463989,0.9374749660491943,0.5606650223731995,0.5552374830245972
all,VL2a,91,12,79,50,0.26,0.9677513241767883,0.9711928367614746,0.6138756620883942,0.6155964183807373
all,VL2a,91,12,79,100,0.43000000000000005,0.968704342842102,0.9741831421852112,0.6993521714210511,0.7020915710926057
all,VL2a,91,12,79,250,0.348,0.9671968817710876,0.9653173685073853,0.6575984408855438,0.6566586842536926
all,VL2a,91,12,79,500,0.30400000000000005,0.9651956558227539,0.9594879150390625,0.634597827911377,0.6317439575195313
all,VL2a,91,12,79,1000,0.251,0.9623286128044128,0.9536816477775574,0.6066643064022064,0.6023408238887786
all,VL2p,181,27,154,50,0.28,0.9804195761680603,0.9824079275131226,0.6302097880840302,0.6312039637565613
all,VL2p,181,27,154,100,0.49,0.981182336807251,0.9851400852203369,0.7355911684036255,0.7375700426101685
all,VL2p,181,27,154,250,0.552,0.9810987710952759,0.9823693633079529,0.766549385547638,0.7671846816539765
all,VL2p,181,27,154,500,0.552,0.9801963567733765,0.9786600470542908,0.7660981783866883,0.7653300235271454
all,VL2p,181,27,154,1000,0.42900000000000005,0.977981448173523,0.972587525844574,0.7034907240867615,0.700793762922287
all,VM1,88,13,75,50,0.24,0.9658188819885254,0.9683451056480408,0.6029094409942627,0.6041725528240204
all,VM1,88,13,75,100,0.41000000000000003,0.9668095707893372,0.9719842672348022,0.6884047853946687,0.6909921336174012
all,VM1,88,13,75,250,0.30800000000000005,0.9650118947029114,0.962152361869812,0.6365059473514557,0.635076180934906
all,VM1,88,13,75,500,0.276,0.9626028537750244,0.9554175138473511,0.6193014268875122,0.6157087569236755
all,VM1,88,13,75,1000,0.22799999999999998,0.959186315536499,0.9486738443374634,0.5935931577682495,0.5883369221687317
all,VM2,88,1,87,50,0.24,0.9749850630760193,0.9756066799163818,0.6074925315380096,0.6078033399581909
all,VM2,88,1,87,100,0.47,0.975520133972168,0.9780621528625488,0.722760066986084,0.7240310764312744
all,VM2,88,1,87,250,0.344,0.9735610485076904,0.9692595601081848,0.6587805242538451,0.6566297800540923
all,VM2,88,1,87,500,0.29000000000000004,0.971241295337677,0.9635233283042908,0.6306206476688385,0.6267616641521454
all,VM2,88,1,87,1000,0.254,0.9682034254074097,0.9582204222679138,0.6111017127037048,0.6061102111339569
all,VM3,81,12,69,50,0.24,0.9720994234085083,0.9719540476799011,0.6060497117042541,0.6059770238399506
all,VM3,81,12,69,100,0.43000000000000005,0.9727025628089905,0.9751031994819641,0.7013512814044953,0.7025515997409821
all,VM3,81,12,69,250,0.33599999999999997,0.9706805944442749,0.9661591649055481,0.6533402972221374,0.651079582452774
all,VM3,81,12,69,500,0.29800000000000004,0.9683873057365417,0.9606121182441711,0.6331936528682709,0.6293060591220856
all,VM3,81,12,69,1000,0.254,0.9652985334396362,0.9551680088043213,0.6096492667198181,0.6045840044021606
all,VM4,57,4,53,50,0.21999999999999997,0.9592382907867432,0.9614110589027405,0.5896191453933716,0.5907055294513702
all,VM4,57,4,53,100,0.39,0.9604493379592896,0.966219425201416,0.6752246689796448,0.6781097126007081
all,VM4,57,4,53,250,0.29200000000000004,0.958776593208313,0.9564821124076843,0.6253882966041565,0.6242410562038422
all,VM4,57,4,53,500,0.24,0.9565763473510742,0.9501408934593201,0.5982881736755371,0.59507044672966
all,VM4,57,4,53,1000,0.19899999999999995,0.9534814953804016,0.9439840316772461,0.5762407476902007,0.571492015838623
all,VM5d,92,11,81,50,0.24,0.9707702994346619,0.9711943864822388,0.6053851497173309,0.6055971932411194
all,VM5d,92,11,81,100,0.43999999999999995,0.9713872075080872,0.9741172790527344,0.7056936037540436,0.7070586395263672
all,VM5d,92,11,81,250,0.33599999999999997,0.9691748023033142,0.9642350673675537,0.652587401151657,0.6501175336837768
all,VM5d,92,11,81,500,0.28400000000000003,0.9666748642921448,0.9581886529922485,0.6253374321460724,0.6210943264961243
all,VM5d,92,11,81,1000,0.237,0.9631959199905396,0.951932966709137,0.6000979599952698,0.5944664833545685
all,VM5v,100,23,77,50,0.24,0.9676526784896851,0.9690778255462646,0.6038263392448425,0.6045389127731323
all,VM5v,100,23,77,100,0.42000000000000004,0.9685195684432983,0.9726942181587219,0.6942597842216491,0.6963471090793609
all,VM5v,100,23,77,250,0.31200000000000006,0.9665719866752625,0.9628647565841675,0.6392859933376313,0.6374323782920838
all,VM5v,100,23,77,500,0.262,0.9641234874725342,0.9564003944396973,0.6130617437362671,0.6092001972198486
all,VM5v,100,23,77,1000,0.22599999999999998,0.9607229232788086,0.9499655961990356,0.5933614616394043,0.5879827980995178
all,VM6,77,3,74,50,0.21999999999999997,0.9507817625999451,0.9554965496063232,0.5853908812999725,0.5877482748031616
all,VM6,77,3,74,100,0.39,0.9519542455673218,0.9590020775794983,0.670977122783661,0.6745010387897492
all,VM6,77,3,74,250,0.30800000000000005,0.9504874348640442,0.9491965770721436,0.6292437174320221,0.6285982885360718
all,VM6,77,3,74,500,0.246,0.948383629322052,0.9426979422569275,0.597191814661026,0.5943489711284637
all,VM6,77,3,74,1000,0.19299999999999995,0.9454987645149231,0.9368355870246887,0.5692493822574616,0.5649177935123444
all,VM6l,57,3,54,50,0.18000000000000005,0.940107524394989,0.9441182613372803,0.5600537621974946,0.5620591306686402
all,VM6l,57,3,54,100,0.31999999999999995,0.9420742392539978,0.9515237212181091,0.6310371196269988,0.6357618606090545
all,VM6l,57,3,54,250,0.268,0.9407340288162231,0.9407751560211182,0.6043670144081116,0.6043875780105591
all,VM6l,57,3,54,500,0.20999999999999996,0.9386780261993408,0.933739423751831,0.5743390130996704,0.5718697118759155
all,VM6l,57,3,54,1000,0.17800000000000005,0.9355179071426392,0.926644504070282,0.5567589535713195,0.552322252035141
all,VM6m,39,3,36,50,0.16000000000000003,0.9335813522338867,0.9390029907226562,0.5467906761169434,0.5495014953613282
all,VM6m,39,3,36,100,0.32999999999999996,0.9355241656303406,0.945635199546814,0.6327620828151703,0.637817599773407
all,VM6m,39,3,36,250,0.272,0.9342107176780701,0.9345916509628296,0.603105358839035,0.6032958254814148
all,VM6m,39,3,36,500,0.19999999999999996,0.9322536587715149,0.9277254343032837,0.5661268293857574,0.5638627171516418
all,VM6m,39,3,36,1000,0.15600000000000003,0.9292944073677063,0.9210289120674133,0.5426472036838532,0.5385144560337067
all,VM6v,113,17,95,50,0.26,0.9621061086654663,0.9654355645179749,0.6110530543327332,0.6127177822589874
all,VM6v,113,17,95,100,0.39,0.962848424911499,0.9676256775856018,0.6764242124557496,0.678812838792801
all,VM6v,113,17,95,250,0.31999999999999995,0.9610624313354492,0.9580060243606567,0.6405312156677245,0.6390030121803283
all,VM6v,113,17,95,500,0.262,0.9587713479995728,0.9517748951911926,0.6103856739997864,0.6068874475955963
all,VM6v,113,17,95,1000,0.20499999999999996,0.9555987119674683,0.9456917643547058,0.5802993559837342,0.5753458821773529
all,VM7d,95,20,75,50,0.24,0.9639671444892883,0.9650775790214539,0.6019835722446442,0.6025387895107269
all,VM7d,95,20,75,100,0.39,0.9648812413215637,0.9690094590187073,0.6774406206607819,0.6795047295093537
all,VM7d,95,20,75,250,0.28800000000000003,0.9629082083702087,0.959135890007019,0.6254541041851044,0.6235679450035095
all,VM7d,95,20,75,500,0.248,0.9604337811470032,0.9526068568229675,0.6042168905735016,0.6003034284114838
all,VM7d,95,20,75,1000,0.20699999999999996,0.9569666385650635,0.9460344910621643,0.5819833192825317,0.5765172455310821
all,VM7v,69,14,55,50,0.21999999999999997,0.9543225169181824,0.9562309384346008,0.5871612584590912,0.5881154692173004
all,VM7v,69,14,55,100,0.37,0.9556187391281128,0.9615957736968994,0.6628093695640564,0.6657978868484498
all,VM7v,69,14,55,250,0.264,0.953855574131012,0.9513491988182068,0.608927787065506,0.6076745994091034
all,VM7v,69,14,55,500,0.21399999999999997,0.9514334797859192,0.9443640112876892,0.5827167398929596,0.5791820056438446
all,VM7v,69,14,55,1000,0.16700000000000004,0.9480748772621155,0.937743067741394,0.5575374386310578,0.552371533870697
